state,latitude,longitude,date,rainfall_mm,river_level_mm,floodrisk
Odisha,19.8041,83.6131,11/06/2024,23.3,4145,
West Bengal,22.564,89.7685,22/09/2024,98,4377,
Odisha,19.6091,83.1708,15/08/2024,0,3839,
Gujarat,23.583,71.64,27/07/2024,16.9,3651,
Gujarat,22.7083,71.8517,23/06/2024,86.2,4652,
Uttar Pradesh,27.0459,81.0916,16/11/2024,0,3953,
Bihar,24.8503,85.5679,26/07/2024,93.2,4636,
Kerala,8.7395,76.6862,16/07/2024,57.2,4132,
Assam,27.3365,91.1303,16/10/2024,7.8,3909,
Tamil Nadu,10.2104,77.6802,26/06/2024,57.2,3844,
Bihar,26.8615,84.9668,01/09/2024,0,3657,
Karnataka,15.655,74.269,27/08/2024,90.6,4078,
Tamil Nadu,9.8287,78.5451,04/08/2024,71.4,3693,
Odisha,20.3932,85.0913,29/07/2024,61.3,4410,
Maharashtra,19.7664,76.651,30/10/2024,3.3,3672,
Odisha,21.9772,83.8766,15/08/2024,0,3475,
Kerala,9.0016,75.842,29/09/2024,79.8,4248,
Bihar,26.6794,85.8047,03/10/2024,1.4,3913,
Bihar,24.774,84.2587,06/11/2024,1.7,4263,
Uttar Pradesh,25.4745,81.0185,27/08/2024,37.8,4242,
Karnataka,16.4129,75.1873,11/10/2024,33.6,3392,
Gujarat,23.2082,71.79,31/07/2024,43.6,4355,
West Bengal,24.0629,88.1061,24/07/2024,54.2,4890,
Gujarat,21.1986,72.1122,23/11/2024,27.5,3661,
Odisha,21.4787,84.2533,01/09/2024,34.3,3960,
Odisha,21.1266,84.7644,30/09/2024,53.7,4939,
Tamil Nadu,9.7013,78.7998,23/10/2024,0,3296,
Karnataka,16.4506,76.438,17/11/2024,0,3214,
West Bengal,21.9957,87.724,25/10/2024,4.3,3866,
Gujarat,23.7448,70.8274,17/08/2024,36.4,3953,
Gujarat,22.899,70.8453,17/10/2024,0,3405,
Kerala,9.5485,77.5479,28/09/2024,52.2,3895,
Gujarat,21.5207,71.3159,09/07/2024,122.1,5104,
Karnataka,14.2054,74.9143,20/07/2024,83.2,4213,
Tamil Nadu,11.018,79.3343,17/11/2024,14.3,3322,
Maharashtra,19.6896,76.6638,11/11/2024,24.1,3472,
Tamil Nadu,9.9748,78.5739,11/08/2024,88.6,3561,
Gujarat,21.0745,72.6881,13/06/2024,108.6,4608,
Uttar Pradesh,27.7407,80.0019,05/07/2024,13.4,3965,
Bihar,24.6678,86.7857,02/09/2024,149.9,5833,
Karnataka,14.3296,75.706,29/10/2024,18.8,3456,
Uttar Pradesh,27.6581,81.6421,13/09/2024,122.2,4964,
Kerala,9.3054,77.9593,30/09/2024,74,4197,
Gujarat,22.5523,72.5845,11/08/2024,84.7,3977,
Uttar Pradesh,26.0321,81.8018,09/07/2024,83.6,4060,
Bihar,26.0169,86.1038,10/08/2024,89.1,4543,
Bihar,24.4433,86.7587,15/08/2024,67,4904,
Karnataka,14.0618,74.9744,30/06/2024,59.4,3611,
Odisha,21.7633,85.0223,10/09/2024,62.9,4238,
West Bengal,21.5568,88.2407,25/09/2024,89.6,4758,
Uttar Pradesh,27.1014,80.966,14/06/2024,60.3,4446,
Karnataka,15.0243,76.3183,03/06/2024,46.2,3325,
Uttar Pradesh,26.4317,80.549,19/11/2024,0,3677,
Uttar Pradesh,25.3661,82.1803,08/09/2024,34.7,4366,
Assam,26.9133,92.1713,14/09/2024,62.9,4661,
Bihar,24.9301,86.7516,07/11/2024,55.6,4796,
Kerala,10.8956,76.5707,07/07/2024,36.7,4325,
Assam,24.9601,92.5474,21/11/2024,0,4234,
Assam,27.3427,91.1789,04/09/2024,66.8,5143,
Karnataka,16.1191,74.3412,06/09/2024,41.1,3546,
Kerala,10.1912,77.4115,16/11/2024,1.5,3652,
Bihar,26.4446,86.2199,15/08/2024,46.3,3940,
West Bengal,22.6365,88.7029,12/11/2024,0.9,3545,
Kerala,10.457,76.191,20/08/2024,65.5,4198,
Maharashtra,20.1672,75.2713,06/07/2024,85.1,4136,
Assam,27.2423,92.5476,19/09/2024,37.6,4605,
Uttar Pradesh,26.4132,79.6522,10/11/2024,20.7,4092,
Uttar Pradesh,27.4795,80.4078,14/11/2024,9.8,3582,
Bihar,25.949,85.1442,21/07/2024,35.3,4377,
Karnataka,15.0423,75.6349,28/08/2024,10.1,3234,
Bihar,24.4962,84.4016,31/07/2024,6.7,3783,
Gujarat,21.5773,71.1885,28/09/2024,82.5,4276,
Assam,25.4476,92.6072,23/10/2024,36.8,4657,
Gujarat,21.7662,71.5482,06/06/2024,38.6,3583,
West Bengal,22.8651,89.3909,29/09/2024,67.5,4205,
Bihar,26.8029,83.9352,05/09/2024,34,4401,
Kerala,10.2228,77.2646,20/10/2024,1.4,3686,
Kerala,9.0644,77.8551,28/09/2024,112.3,4927,
Gujarat,23.2797,69.7299,12/07/2024,11.9,3673,
Odisha,20.4062,83.3698,18/11/2024,15.1,4047,
Karnataka,15.142,75.8502,04/06/2024,65.4,4184,
Gujarat,21.5464,71.0137,29/06/2024,75.8,4142,
Karnataka,15.9494,74.4437,11/08/2024,41.5,3882,
Odisha,21.0041,84.8814,13/10/2024,19.1,3658,
Assam,27.2179,90.7388,28/10/2024,9.8,4091,
Bihar,24.9815,84.934,23/11/2024,22.6,3837,
Assam,25.1192,91.2083,28/09/2024,87.3,5085,
West Bengal,21.6469,88.6644,23/09/2024,0,3573,
Uttar Pradesh,26.9648,79.8447,24/11/2024,32.9,3674,
Bihar,27.1715,85.1841,05/08/2024,56.8,3983,
West Bengal,23.9082,87.3957,23/11/2024,21.4,3786,
Assam,25.2498,91.139,18/06/2024,86.6,4625,
Maharashtra,20.0352,74.9716,14/08/2024,110.8,4045,
Gujarat,21.229,69.7326,13/07/2024,91.5,4338,
Kerala,10.9646,76.6535,16/09/2024,36.8,3881,
Assam,27.696,92.16,01/10/2024,0,4090,
Bihar,26.7922,83.8807,04/10/2024,18.7,3981,
Maharashtra,19.1373,76.6547,27/11/2024,7.9,3492,
Bihar,26.2017,84.7624,17/11/2024,0,4024,
Bihar,24.4872,86.3694,23/10/2024,0,3786,
Tamil Nadu,9.7419,78.5625,21/09/2024,116.9,3746,
Karnataka,13.8768,74.6636,03/07/2024,46.6,3593,
Karnataka,14.9509,75.4985,14/06/2024,88.1,4543,
Uttar Pradesh,26.6224,81.0859,12/08/2024,92.6,5456,
Assam,25.6983,91.7691,12/06/2024,39.6,4425,
Uttar Pradesh,27.1744,80.7101,09/11/2024,0,3688,
Gujarat,22.7994,71.1284,09/10/2024,8.5,3376,
Odisha,20.0449,84.6749,29/08/2024,75.8,4307,
Tamil Nadu,12.2412,79.3848,16/07/2024,58.8,4008,
Gujarat,21.3445,72.4405,27/11/2024,10.4,3380,
Karnataka,16.045,76.0773,14/07/2024,46.2,3542,
Kerala,10.4867,76.7926,26/06/2024,13.5,3498,
Maharashtra,21.1457,76.8325,03/09/2024,28.5,3630,
Tamil Nadu,10.595,79.5952,31/08/2024,14.4,3216,
Uttar Pradesh,25.7327,79.8738,02/08/2024,14.6,3941,
Kerala,8.6825,76.4897,16/06/2024,3.1,3880,
West Bengal,22.7415,89.8318,18/06/2024,98.5,5254,
Assam,25.9827,92.483,14/08/2024,93.2,5097,
Maharashtra,20.0269,75.5806,08/06/2024,161.2,5305,
West Bengal,22.1143,88.6573,10/06/2024,67.1,4159,
Bihar,25.3238,85.1687,24/08/2024,18.9,3845,
Assam,25.9812,90.5764,29/07/2024,22.3,4375,
Uttar Pradesh,25.436,81.3759,15/09/2024,39.8,3744,
Uttar Pradesh,26.8641,81.7069,26/08/2024,0,3702,
West Bengal,21.5492,88.5086,03/09/2024,83.6,4410,
Gujarat,22.9514,70.1839,31/07/2024,77.7,3579,
Bihar,26.8169,84.9034,25/07/2024,71,4674,
Kerala,9.7947,76.6059,13/09/2024,27.2,3775,
Maharashtra,19.5996,76.746,29/06/2024,93.8,4475,
Gujarat,23.1379,70.6239,06/06/2024,38.6,3717,
Gujarat,20.8289,72.687,12/07/2024,27.9,3613,
Tamil Nadu,11.905,78.7922,08/08/2024,92.7,4656,
Uttar Pradesh,26.7618,80.9047,08/07/2024,47.8,4179,
Karnataka,14.7399,76.9253,23/10/2024,0,3093,
West Bengal,21.2177,88.4423,04/11/2024,28.3,3833,
Gujarat,22.2566,70.6065,04/11/2024,6.5,3337,
Gujarat,20.822,72.1667,07/10/2024,20.3,3780,
Assam,25.4244,90.563,23/10/2024,21.8,4166,
Tamil Nadu,9.9164,79.1219,16/11/2024,0,3592,
Bihar,26.5106,86.7579,11/10/2024,0,3913,
Gujarat,20.9804,72.3348,25/07/2024,87.4,3790,
Kerala,10.3307,75.1841,21/10/2024,0,3533,
Maharashtra,18.8688,75.6612,08/07/2024,50.8,4159,
Maharashtra,20.8254,74.6033,02/10/2024,0,3449,
Maharashtra,20.2873,75.7092,20/10/2024,0,3393,
Gujarat,21.6963,70.8303,12/10/2024,0,3206,
West Bengal,23.5057,87.2071,14/10/2024,0,3453,
Tamil Nadu,11.9471,77.222,03/07/2024,77.4,3486,
Kerala,9.4244,77.2266,05/09/2024,97.9,5237,
Gujarat,21.5233,69.8616,09/11/2024,3.8,3519,
Odisha,19.4067,83.4578,12/07/2024,54.8,4538,
Karnataka,14.4928,74.5624,23/09/2024,91.2,4102,
Assam,26.6956,92.5222,04/06/2024,88.8,4481,
Karnataka,14.929,74.9172,03/09/2024,40.8,4223,
Odisha,21.6474,85.3312,25/11/2024,0,3720,
Odisha,22.3777,85.6856,29/09/2024,86.6,5013,
Uttar Pradesh,27.8997,81.1012,13/06/2024,14.5,4158,
Assam,27.6859,91.7662,12/07/2024,96.9,4582,
Gujarat,22.7809,71.0473,22/09/2024,62.9,3997,
West Bengal,21.8643,87.2264,11/06/2024,58.6,3964,
Gujarat,23.251,72.2557,21/06/2024,79.4,4237,
Uttar Pradesh,28.23,81.3132,08/06/2024,18.4,4064,
Maharashtra,19.169,76.1658,06/11/2024,0,3416,
Bihar,24.5351,84.9025,23/09/2024,40,4226,
Tamil Nadu,10.3535,77.5436,08/07/2024,48.5,3616,
Odisha,21.3248,84.2863,11/07/2024,99.1,4699,
Bihar,25.7874,85.7396,12/08/2024,62.9,4399,
Gujarat,22.0264,72.167,31/07/2024,0,3118,
Gujarat,22.194,70.7282,14/07/2024,0,3401,
Assam,25.8651,92.3971,22/11/2024,0,4141,
Maharashtra,20.6295,74.8095,04/09/2024,106.3,4597,
Kerala,9.9358,75.5103,07/06/2024,53.6,4689,
West Bengal,22.5201,88.5562,04/10/2024,0,3524,
Tamil Nadu,10.6396,79.4259,30/06/2024,130.3,4402,
Maharashtra,19.151,75.5074,03/11/2024,4.1,3402,
Tamil Nadu,11.923,78.8569,20/10/2024,9,3353,
Assam,24.7211,92.3486,03/08/2024,7.4,4166,
Kerala,8.5585,75.9894,09/07/2024,69.1,4462,
Karnataka,15.6003,75.0057,18/09/2024,23.8,3617,
Assam,26.3846,90.5089,05/06/2024,2.7,3968,
Maharashtra,21.1404,76.5328,21/07/2024,65.4,4219,
Uttar Pradesh,26.4362,79.4682,20/10/2024,25.4,4073,
Assam,27.465,92.9916,28/07/2024,11.1,3998,
Maharashtra,19.9163,75.8942,20/11/2024,0,3501,
Tamil Nadu,10.2736,79.7785,09/08/2024,55.9,3731,
Tamil Nadu,9.8603,79.9755,10/11/2024,0,3186,
Odisha,21.867,85.6414,21/11/2024,35.7,3788,
West Bengal,23.7179,88.476,20/06/2024,109.8,5262,
West Bengal,23.3409,87.436,17/06/2024,64.4,4195,
Gujarat,21.636,71.5848,08/07/2024,138.5,4037,
Gujarat,20.8018,69.7632,05/11/2024,13.6,3863,
Odisha,19.7813,83.8661,10/10/2024,25.3,4300,
Bihar,25.5149,85.9276,21/09/2024,63.3,4443,
Kerala,10.2852,76.2039,17/10/2024,23.4,3569,
Assam,25.7053,92.0745,20/06/2024,0,4192,
Karnataka,16.1161,77.0004,18/10/2024,0,3316,
Maharashtra,19.0838,76.2491,26/07/2024,16.5,3519,
Gujarat,21.1838,70.9891,16/07/2024,0,3131,
West Bengal,21.2677,89.028,05/07/2024,116.5,4275,
Karnataka,15.0564,75.8389,14/09/2024,0,3490,
Karnataka,14.6234,74.3919,12/08/2024,42.2,4056,
Kerala,8.8238,75.2818,09/06/2024,115.6,4068,
Bihar,26.259,85.6493,18/10/2024,6,3753,
Karnataka,14.9288,75.3074,15/10/2024,27.2,3414,
Assam,25.6354,93.0184,18/09/2024,61.6,4316,
Tamil Nadu,11.954,80.0277,16/11/2024,19.5,3422,
Tamil Nadu,10.2385,79.4093,26/09/2024,90,3657,
West Bengal,23.0719,89.3116,12/11/2024,34.8,4293,
Kerala,11.3234,76.5142,06/06/2024,114.1,5147,
Kerala,11.333,75.3721,14/08/2024,80.1,3826,
Kerala,8.8208,75.3693,09/06/2024,85.5,3971,
West Bengal,21.461,88.7868,19/11/2024,0,3561,
Maharashtra,20.9172,74.2316,27/10/2024,0.5,3590,
Gujarat,22.7116,71.432,15/08/2024,110.7,4186,
Gujarat,21.2666,71.8271,16/09/2024,7.2,3307,
Odisha,22.0867,85.6401,15/10/2024,18.2,3821,
Uttar Pradesh,25.4287,81.4111,03/11/2024,0,3689,
West Bengal,21.6635,88.9076,16/11/2024,0,3525,
Uttar Pradesh,26.1103,81.1912,30/10/2024,22.2,4185,
West Bengal,21.5367,88.2299,08/11/2024,0,3701,
Assam,24.974,91.317,02/07/2024,92.7,5067,
Gujarat,21.9005,72.4797,09/09/2024,45.8,3489,
Karnataka,14.6027,76.638,07/07/2024,96.4,3741,
Tamil Nadu,10.6664,77.2611,15/10/2024,0,3095,
Maharashtra,19.2866,75.2752,07/08/2024,31.1,3527,
Bihar,24.6532,86.7097,24/11/2024,30.5,3856,
Maharashtra,21.0893,74.9184,26/10/2024,7.8,3392,
Gujarat,21.5723,70.271,23/10/2024,19.4,3851,
Bihar,26.8894,84.0345,14/06/2024,90.8,4783,
Gujarat,22.2705,71.8655,17/08/2024,36.1,3569,
Kerala,10.7774,77.8972,21/08/2024,98.9,5328,
Tamil Nadu,9.7142,80.0347,01/07/2024,9.2,3289,
Maharashtra,18.4122,75.9801,25/06/2024,78.4,3759,
West Bengal,22.7458,88.9104,22/08/2024,97.6,5374,
Tamil Nadu,11.2831,79.664,04/06/2024,47.5,3468,
Maharashtra,20.4277,75.2881,21/09/2024,29.5,3772,
Odisha,20.27,83.7327,07/06/2024,133.3,4504,
West Bengal,21.4801,87.8741,04/11/2024,31.6,4294,
Gujarat,21.0249,72.4087,21/11/2024,0,3738,
Tamil Nadu,12.5621,77.5274,27/10/2024,12.2,3508,
Gujarat,23.2031,70.0198,21/08/2024,0,3226,
Gujarat,22.1662,70.7129,17/08/2024,21.2,3621,
Uttar Pradesh,26.3372,81.5954,07/08/2024,64.7,4433,
Odisha,22.1104,83.5448,08/10/2024,8.1,4190,
Karnataka,14.2995,75.3322,03/08/2024,92.5,4465,
Kerala,9.0143,76.3892,03/09/2024,51.4,4071,
Kerala,9.5507,75.6871,17/07/2024,95.4,4895,
Gujarat,22.1773,72.1631,27/08/2024,77.6,3517,
Odisha,22.3029,83.9575,31/08/2024,53.5,3995,
Tamil Nadu,11.5053,79.6427,01/06/2024,57.6,3784,
Gujarat,20.8179,71.5209,04/11/2024,15.6,3597,
Assam,25.043,91.1433,22/08/2024,35.1,4958,
Assam,25.3066,90.755,02/10/2024,16.7,3975,
Bihar,24.9661,83.9447,05/06/2024,90.9,4195,
Uttar Pradesh,28.106,80.4605,01/09/2024,77.4,4139,
Kerala,8.8245,75.4887,07/07/2024,95.1,4839,
Bihar,25.8819,84.7496,12/10/2024,28.2,4162,
Bihar,26.1297,84.46,21/09/2024,83.6,4992,
Tamil Nadu,12.2428,77.6434,22/08/2024,30,4097,
Tamil Nadu,10.1938,79.1426,04/11/2024,19.1,3524,
Bihar,27.0414,84.2299,28/06/2024,12,3962,
Maharashtra,19.17,74.3712,10/10/2024,9.7,3608,
Maharashtra,19.3944,76.0299,19/07/2024,14.8,3433,
Uttar Pradesh,26.0993,79.9875,09/06/2024,14.5,3984,
West Bengal,24.0215,89.6237,09/06/2024,35.6,4294,
Kerala,8.7626,76.8947,14/11/2024,9.5,3532,
West Bengal,23.8102,88.2696,24/10/2024,1.9,3880,
West Bengal,21.8619,88.9587,23/10/2024,9.6,4170,
West Bengal,21.9461,87.4405,19/08/2024,44.1,3928,
Odisha,20.4967,85.6431,28/10/2024,17.1,3658,
Karnataka,14.3329,77.0185,26/10/2024,1,3287,
Gujarat,21.574,69.8286,08/09/2024,39.6,3758,
Maharashtra,20.5509,75.2345,09/09/2024,118,4666,
Kerala,9.3227,76.269,18/10/2024,3.5,3561,
Odisha,21.8285,86.0592,06/10/2024,21,3956,
Odisha,20.3976,85.8654,06/11/2024,7.2,3643,
Bihar,26.3693,86.3807,14/07/2024,18.1,3824,
Karnataka,14.8044,76.6245,25/10/2024,28.9,3945,
Gujarat,23.5358,71.1904,14/11/2024,6.5,3328,
Gujarat,23.1627,72.4461,03/08/2024,72.8,4445,
Gujarat,21.8378,71.5271,12/06/2024,35.2,4175,
Uttar Pradesh,27.777,81.0343,31/08/2024,89.2,4344,
Uttar Pradesh,25.7832,80.4955,29/08/2024,93.2,4711,
Assam,26.0511,92.0111,02/10/2024,7.4,4371,
Odisha,21.6016,84.9417,26/06/2024,8,3665,
Kerala,8.6129,75.4588,09/11/2024,13.9,3444,
Gujarat,22.4044,70.1749,08/10/2024,24,4021,
Bihar,26.2665,86.1434,07/07/2024,81.2,4232,
West Bengal,23.7682,89.5713,23/09/2024,91.8,4818,
Maharashtra,20.5263,75.5722,03/07/2024,127.2,5002,
Odisha,22.2961,83.1723,23/11/2024,10.6,3777,
Tamil Nadu,11.0171,77.4316,05/08/2024,64.9,3966,
Bihar,27.3981,84.6689,23/08/2024,73.3,4329,
Gujarat,22.0429,70.9879,18/11/2024,16.4,3627,
Assam,25.4387,90.85,08/07/2024,117.4,4475,
Odisha,19.5227,85.4762,19/08/2024,102.6,4242,
West Bengal,23.1451,86.9031,14/06/2024,100.1,4606,
West Bengal,21.9006,88.2999,12/09/2024,14.5,3596,
Karnataka,16.3782,76.4427,18/10/2024,3.5,3360,
Assam,25.5584,90.966,31/10/2024,5.6,4081,
Uttar Pradesh,25.9086,80.0484,20/09/2024,10.5,3946,
Karnataka,15.6761,75.2484,01/10/2024,3,3351,
Uttar Pradesh,25.9601,79.6122,22/08/2024,24.6,4062,
Assam,25.6613,90.2426,14/11/2024,16.7,4202,
Gujarat,20.9554,70.4726,04/06/2024,91.6,4336,
West Bengal,23.0095,88.6585,11/10/2024,0,3595,
Kerala,10.8653,77.8136,17/06/2024,99.2,4183,
West Bengal,22.7462,88.9061,31/07/2024,95.9,4102,
Maharashtra,19.0264,76.957,27/07/2024,120.3,5005,
Maharashtra,19.3771,76.5194,31/10/2024,20.3,3562,
Kerala,9.5446,77.367,21/10/2024,18.7,3636,
Maharashtra,18.7806,76.0528,26/06/2024,51.2,3917,
Uttar Pradesh,26.3574,80.923,15/09/2024,29.5,4030,
West Bengal,21.7604,89.8778,14/07/2024,130.9,4474,
Kerala,9.2053,77.7197,20/09/2024,92.4,4224,
Karnataka,14.3808,76.0665,11/09/2024,9.3,3402,
Kerala,9.0867,75.9697,14/11/2024,1.8,3810,
Bihar,26.0611,84.2956,16/09/2024,0,4048,
Uttar Pradesh,26.3767,81.9234,14/06/2024,24.5,4045,
Tamil Nadu,10.9447,79.9467,23/11/2024,15.3,3677,
Uttar Pradesh,25.5567,81.1958,26/11/2024,0.8,3778,
Tamil Nadu,9.6606,78.7334,01/09/2024,42.8,3420,
Gujarat,23.1093,71.0324,05/07/2024,71.8,3805,
Bihar,25.552,84.3998,20/11/2024,21.2,3903,
Tamil Nadu,11.5902,77.5086,07/07/2024,60.9,3867,
Maharashtra,19.7709,75.0054,03/08/2024,33.7,4183,
Bihar,27.3016,84.9871,15/09/2024,95.8,4992,
Uttar Pradesh,25.5295,81.7687,02/11/2024,0,3734,
Tamil Nadu,11.9985,77.2873,16/06/2024,62.2,3923,
Karnataka,14.5445,75.6198,15/08/2024,15.8,3621,
Kerala,10.1213,77.68,20/09/2024,65.9,4366,
Tamil Nadu,11.6907,78.6321,29/07/2024,75.2,3615,
Tamil Nadu,9.9384,80.1297,30/07/2024,114.3,4911,
Bihar,24.722,84.0863,09/07/2024,48,4161,
Bihar,25.9541,86.6234,15/08/2024,97.4,4757,
Kerala,10.0466,75.4735,18/09/2024,33.6,3823,
Bihar,26.8484,86.115,13/06/2024,46.5,4207,
Karnataka,13.8468,74.9451,16/11/2024,15.9,3151,
Maharashtra,20.9736,74.872,09/07/2024,32,3734,
Bihar,25.8281,86.6356,21/07/2024,81.8,4389,
Gujarat,22.4342,72.1366,25/11/2024,23.4,3344,
Assam,25.28,91.2252,09/07/2024,74,4743,
Uttar Pradesh,27.823,81.0851,09/08/2024,64.7,4118,
Tamil Nadu,9.8829,78.8529,26/09/2024,96.1,4221,
Gujarat,23.1573,71.366,11/10/2024,35,3455,
Tamil Nadu,11.9613,79.1054,03/07/2024,93.2,3980,
Tamil Nadu,10.8379,78.5192,13/10/2024,28.2,3618,
West Bengal,21.2025,88.0516,30/06/2024,91.7,4630,
Maharashtra,18.8942,77.1541,08/08/2024,53,3880,
Karnataka,16.7134,76.3341,16/08/2024,37.7,3673,
Maharashtra,20.9862,75.8733,20/08/2024,68.8,3808,
West Bengal,21.9763,88.2433,29/06/2024,64,4393,
Gujarat,21.5966,71.1973,10/11/2024,3.5,3128,
Assam,26.3722,91.6497,28/06/2024,30.5,4782,
Gujarat,21.1596,72.264,16/07/2024,8.8,3232,
Tamil Nadu,11.0136,77.2129,28/07/2024,44.1,3601,
Maharashtra,19.6892,74.6085,07/10/2024,6.6,3441,
Kerala,9.3806,77.2653,17/11/2024,0,3531,
Bihar,25.0783,84.5893,29/08/2024,68.2,4530,
Tamil Nadu,9.8598,78.2201,21/07/2024,56.8,4092,
Maharashtra,20.495,74.7554,11/08/2024,48.5,3798,
Tamil Nadu,9.658,79.6318,10/07/2024,2.8,3492,
Karnataka,16.1054,76.7087,29/08/2024,4.1,3169,
Gujarat,21.4979,70.9092,03/09/2024,113.5,4736,
Gujarat,21.0199,71.8348,27/08/2024,104.4,4172,
Maharashtra,19.73,75.0353,28/09/2024,56.8,3985,
Kerala,9.5182,76.189,20/09/2024,93.2,5374,
Karnataka,14.0041,75.0573,11/09/2024,35.2,3616,
Tamil Nadu,12.001,78.1937,14/08/2024,117.8,4882,
Bihar,25.8961,86.6665,25/08/2024,39.5,3830,
Uttar Pradesh,27.9138,79.5924,27/11/2024,4.1,3922,
Odisha,22.1054,83.6693,16/11/2024,0,3575,
Uttar Pradesh,27.2825,79.4485,24/10/2024,20.1,4334,
Karnataka,15.4692,76.3554,08/09/2024,108.5,4561,
Assam,26.8297,91.047,01/07/2024,0,4139,
Karnataka,14.0336,76.1231,21/10/2024,17.6,3298,
Maharashtra,18.4348,76.2533,09/10/2024,11.7,3504,
Assam,25.2777,90.5634,03/10/2024,17.8,4091,
West Bengal,22.1692,88.111,30/06/2024,56.1,3916,
Kerala,11.482,77.279,15/10/2024,16,3669,
Bihar,26.7388,85.5253,05/09/2024,74.6,4577,
Assam,25.3924,93.0272,28/09/2024,28.8,4386,
Maharashtra,20.0964,74.2727,20/08/2024,34.4,4291,
Bihar,25.2586,84.6413,19/08/2024,70.1,5124,
Kerala,9.1164,76.8307,17/11/2024,8.6,3394,
Odisha,20.0557,83.7523,20/09/2024,92.7,4714,
West Bengal,23.8722,87.4758,18/09/2024,17.9,3954,
Uttar Pradesh,25.3867,80.9519,05/10/2024,0.8,4035,
Bihar,24.5409,86.0103,12/10/2024,16,4145,
Bihar,25.2814,84.8086,10/10/2024,18.3,4001,
Maharashtra,19.9327,76.306,27/10/2024,28.7,3675,
Bihar,25.5655,85.8438,29/07/2024,63.9,4538,
Odisha,21.2647,83.6408,18/10/2024,15.5,3883,
Kerala,8.7683,76.066,11/07/2024,64.4,4474,
Odisha,19.8856,84.7533,10/10/2024,14.5,3626,
Karnataka,14.078,75.5428,06/10/2024,0,3132,
Karnataka,14.167,75.129,31/10/2024,17.6,3385,
Kerala,9.7452,75.8206,05/10/2024,31.6,3848,
Uttar Pradesh,25.9145,81.2968,20/11/2024,0,3852,
Karnataka,16.2825,77.1502,18/08/2024,12.3,3639,
Karnataka,14.4847,76.8235,30/10/2024,0,3493,
Bihar,24.6015,84.4669,04/07/2024,51,4870,
Karnataka,14.2496,74.9436,15/07/2024,30.8,3851,
Maharashtra,18.9584,75.0001,20/11/2024,8.3,3709,
Tamil Nadu,12.5323,78.0598,10/08/2024,88.4,4130,
Karnataka,13.8376,75.1796,19/11/2024,42.6,3618,
Odisha,19.5701,84.5295,08/07/2024,75.2,4403,
Kerala,11.3385,76.191,02/07/2024,64.6,4005,
Gujarat,21.2945,71.6412,03/09/2024,83.5,3825,
Assam,24.7605,93.0036,18/06/2024,19.4,4084,
West Bengal,21.8811,87.1464,27/11/2024,18,4238,
West Bengal,23.606,88.3484,05/08/2024,34,3636,
Odisha,21.1444,84.3753,25/06/2024,55.1,4405,
West Bengal,23.3531,87.4116,18/09/2024,27.6,3980,
Uttar Pradesh,28.2899,81.7268,11/08/2024,48.7,4220,
Gujarat,22.3513,71.4991,22/06/2024,68.1,4345,
Odisha,19.9365,84.0547,16/11/2024,13.4,3919,
Maharashtra,20.8818,75.7512,15/10/2024,9.5,3468,
Odisha,19.9715,85.329,04/08/2024,33.5,4526,
Kerala,10.355,77.7287,28/10/2024,17.6,3904,
Maharashtra,19.2967,74.4847,24/08/2024,0,3724,
Kerala,10.1884,76.7146,24/08/2024,91.7,5192,
Tamil Nadu,12.3172,77.31,31/07/2024,50.9,3995,
Maharashtra,20.0002,76.8525,27/10/2024,0,3485,
Bihar,25.315,85.5145,15/10/2024,0,3616,
Maharashtra,20.4907,74.351,23/09/2024,67.4,3788,
Assam,25.4862,93.1909,08/09/2024,56.7,4478,
Gujarat,22.4201,70.2013,08/11/2024,36.5,3867,
Tamil Nadu,10.5623,79.8974,27/08/2024,86.9,3665,
Assam,26.8948,90.5635,15/07/2024,35.3,4320,
Gujarat,21.546,71.2007,20/09/2024,20.4,3798,
Karnataka,16.3115,74.3595,07/10/2024,12.8,3235,
Bihar,25.6565,84.8409,30/09/2024,107.9,5202,
Uttar Pradesh,27.908,80.3786,03/10/2024,15,4002,
Karnataka,14.5722,74.4007,21/09/2024,98.3,4849,
Bihar,26.9725,86.317,27/06/2024,79,4098,
Maharashtra,19.7835,75.9437,03/08/2024,21,3625,
West Bengal,23.1773,88.3142,03/08/2024,74.7,4865,
Odisha,20.868,84.2809,23/10/2024,28.9,3737,
Bihar,25.143,84.1323,22/08/2024,123.5,5758,
Assam,27.1602,92.0228,04/09/2024,80,4698,
West Bengal,22.7407,87.409,17/10/2024,0,3900,
Odisha,20.8322,83.2532,11/11/2024,2.3,3559,
Uttar Pradesh,26.0007,82.2448,19/09/2024,86.9,4670,
West Bengal,21.1484,88.6093,20/07/2024,58.9,4575,
,18.6429,75.2536,09/10/2024,18.5,3570,
Bihar,26.7292,84.4,21/10/2024,11.5,3790,
Assam,27.0834,92.8328,18/08/2024,63.5,4383,
Bihar,24.6062,85.3169,03/07/2024,0,4218,
Kerala,8.6293,77.4617,09/10/2024,19.9,3731,
Tamil Nadu,9.7615,79.077,14/09/2024,72.5,4154,
Karnataka,16.1411,75.0902,18/11/2024,9,3369,
Bihar,25.3742,83.9632,20/06/2024,60.5,4330,
Assam,24.7687,91.9437,01/06/2024,8.1,3998,
Odisha,22.2058,83.3442,08/10/2024,9.8,3845,
Bihar,26.792,84.2129,16/08/2024,0,3689,
Tamil Nadu,10.9901,79.4178,18/11/2024,18.6,3330,
Kerala,8.8128,75.8391,31/07/2024,104.2,5031,
Tamil Nadu,11.8908,77.2668,04/10/2024,0,3352,
Assam,24.7119,90.6138,02/08/2024,0.3,3826,
Kerala,8.9215,76.6618,15/06/2024,134,5215,
Odisha,20.7341,85.1772,26/07/2024,46.2,4360,
Kerala,8.7465,77.9526,25/08/2024,71,3913,
Kerala,10.3522,76.9002,21/06/2024,76.4,4143,
Kerala,8.7067,75.0579,18/09/2024,85.7,5000,
Bihar,25.1818,86.4727,17/11/2024,0.2,3861,
Tamil Nadu,12.0642,79.3849,19/07/2024,47.7,3482,
Odisha,19.7097,85.4642,19/09/2024,51.8,4143,
Kerala,9.8894,75.3367,09/06/2024,54,4188,
Maharashtra,20.4354,75.0995,02/10/2024,29.5,3687,
West Bengal,21.8542,88.9515,20/09/2024,17.8,3591,
Tamil Nadu,11.3569,79.8371,04/11/2024,43.3,3478,
Bihar,25.0226,85.4989,16/10/2024,15.5,3867,
Kerala,9.8228,75.3222,03/10/2024,0,3782,
Uttar Pradesh,28.0439,81.6792,11/07/2024,41.7,4205,
Kerala,11.1963,76.1558,31/08/2024,73.5,4377,
Assam,25.9891,91.7945,26/10/2024,0.5,3944,
Bihar,24.5768,86.3006,01/08/2024,71.5,4647,
Uttar Pradesh,27.7247,79.8776,02/11/2024,0,3896,
Assam,26.54,91.1722,27/08/2024,135.2,5179,
Gujarat,21.0874,69.7074,13/11/2024,22.8,3571,
Bihar,27.3895,84.5704,30/08/2024,87.9,5011,
Bihar,26.2741,85.6605,12/08/2024,34.1,4119,
Karnataka,16.1391,75.1171,01/09/2024,97.1,5194,
Karnataka,16.0237,76.1041,26/10/2024,13.8,3406,
Bihar,24.731,85.5148,13/09/2024,8.9,4246,
West Bengal,22.6467,86.9645,03/11/2024,6.1,3541,
Assam,27.3366,92.4279,03/10/2024,32.8,4132,
Uttar Pradesh,27.4963,81.8113,16/11/2024,11.5,3667,
Uttar Pradesh,25.7689,80.1814,21/07/2024,104.6,4745,
Maharashtra,19.4142,75.6503,01/06/2024,97,4605,
Karnataka,14.4756,75.3801,23/06/2024,59.6,4097,
Bihar,25.2263,86.114,03/10/2024,27.5,4124,
Odisha,19.4118,86.0847,03/06/2024,32.7,4431,
Gujarat,22.1844,71.0725,01/06/2024,59.9,3584,
Tamil Nadu,11.6301,78.1144,03/11/2024,0,3070,
West Bengal,22.892,87.9535,16/11/2024,29.1,3771,
Karnataka,14.9902,76.1744,28/08/2024,130.3,3966,
Karnataka,15.8951,74.3989,25/09/2024,38.7,3453,
West Bengal,22.6691,89.0348,26/07/2024,0,3530,
West Bengal,23.6401,89.4467,13/11/2024,35.1,4245,
Kerala,10.2135,75.201,10/08/2024,60.7,4834,
Tamil Nadu,11.0143,79.7801,05/07/2024,0,3262,
Maharashtra,18.5932,76.1274,30/10/2024,33.4,3427,
Tamil Nadu,10.9206,79.8818,23/11/2024,30.6,3605,
Maharashtra,21.0189,76.4377,14/06/2024,31.6,4012,
Uttar Pradesh,25.3139,80.7256,29/09/2024,137.8,4844,
Kerala,10.0763,75.4012,27/06/2024,24.8,4118,
Maharashtra,19.1712,77.0975,01/08/2024,52.9,3974,
Karnataka,14.1249,75.1866,01/10/2024,7,3325,
West Bengal,22.2231,88.4113,10/11/2024,36.4,4023,
Karnataka,16.2157,74.9682,15/06/2024,110.4,4508,
Uttar Pradesh,28.0855,80.2955,31/10/2024,29.2,3990,
Tamil Nadu,11.6986,79.3544,07/08/2024,18,3153,
Odisha,20.576,83.422,26/11/2024,0,3570,
Maharashtra,20.1599,75.2027,28/08/2024,75.3,4880,
Uttar Pradesh,25.9075,81.0302,21/06/2024,53.8,4204,
Gujarat,22.0325,69.9325,31/08/2024,84.4,3845,
Assam,24.7847,91.1212,03/11/2024,18.9,4129,
Maharashtra,20.9208,75.2707,25/06/2024,33.1,3734,
Odisha,21.2741,83.7126,26/08/2024,125.3,4493,
Maharashtra,18.3018,74.3646,22/11/2024,4.7,3564,
Bihar,25.6889,84.8514,08/08/2024,63.9,4602,
Gujarat,21.7878,71.4878,22/09/2024,0,3489,
Assam,26.8436,90.5583,31/08/2024,75.5,4677,
Maharashtra,21.0524,76.5224,18/09/2024,72.8,3653,
West Bengal,23.4481,87.6408,18/09/2024,41.5,4357,
Karnataka,14.8167,76.1118,29/08/2024,92.6,4029,
West Bengal,22.8424,87.1199,29/06/2024,121.4,4248,
Bihar,27.1542,85.7725,16/06/2024,48,4364,
Odisha,21.1259,83.7588,12/08/2024,15.9,3641,
Odisha,20.3466,85.0965,18/08/2024,3.4,3794,
Uttar Pradesh,27.4963,79.416,29/09/2024,29.5,3870,
Odisha,19.4271,83.6037,30/06/2024,51.4,4237,
Gujarat,22.7317,71.0598,11/08/2024,68.2,4140,
Tamil Nadu,11.0135,79.1526,05/06/2024,15.8,3126,
Gujarat,22.87,70.8931,14/11/2024,0,3507,
Bihar,26.2267,85.1825,01/11/2024,0,3837,
West Bengal,23.0578,89.7858,13/08/2024,55.5,4229,
Gujarat,21.3096,72.4464,16/11/2024,28.6,3631,
Gujarat,20.814,72.4929,26/10/2024,14,3397,
Bihar,27.123,86.4458,07/09/2024,30.8,4181,
Maharashtra,18.5067,76.6356,26/07/2024,2.2,3296,
Uttar Pradesh,25.911,80.1654,23/06/2024,12.3,4105,
West Bengal,21.5214,87.9743,07/10/2024,20.7,3691,
Maharashtra,20.1798,76.7146,19/10/2024,8.6,3448,
Maharashtra,20.2425,74.8171,18/06/2024,18,3457,
Assam,25.3022,91.7421,27/10/2024,16.2,3958,
Karnataka,14.2791,75.6913,21/09/2024,78,3636,
Odisha,19.5425,84.8082,26/09/2024,83,5201,
West Bengal,21.2547,88.0215,15/09/2024,74.1,4332,
West Bengal,22.9045,87.1967,14/10/2024,27.5,3854,
West Bengal,22.1279,87.0446,23/07/2024,129.7,4455,
Karnataka,13.9242,75.9724,06/08/2024,30.9,3849,
Maharashtra,18.3105,77.1438,01/07/2024,110.3,4814,
Odisha,20.0799,84.4506,20/07/2024,68.7,3977,
Gujarat,22.85,72.3402,31/10/2024,0,3211,
Odisha,20.4248,84.0531,05/06/2024,50.1,4287,
Maharashtra,20.557,77.0221,13/06/2024,11.3,3397,
West Bengal,22.1947,89.3094,09/11/2024,28.2,3732,
Kerala,9.7602,75.465,31/10/2024,21.7,3487,
Tamil Nadu,10.2855,77.2817,16/08/2024,76.6,4382,
Bihar,24.7979,85.5475,01/10/2024,35.7,4087,
Karnataka,14.6091,75.9562,03/11/2024,4.3,3558,
Tamil Nadu,12.1655,78.0181,24/06/2024,53.7,4085,
Gujarat,21.5343,72.4482,06/06/2024,108,4721,
Tamil Nadu,11.8642,77.7442,19/08/2024,91.5,3741,
Kerala,11.3499,77.3117,28/07/2024,14.7,3572,
West Bengal,24.0586,89.4919,06/08/2024,66.5,4125,
Uttar Pradesh,25.325,80.9458,04/07/2024,21.4,3907,
Gujarat,22.2023,70.4455,01/07/2024,63.2,4129,
Tamil Nadu,12.1431,77.4258,21/10/2024,0,3241,
Tamil Nadu,10.1057,78.5327,14/09/2024,61.8,3720,
Maharashtra,18.3831,75.4703,07/07/2024,47.1,4142,
Assam,25.8163,90.5357,14/08/2024,61.5,5124,
Maharashtra,18.3244,75.9362,22/07/2024,112.8,5217,
Bihar,27.1372,85.6242,30/06/2024,8.6,3826,
Uttar Pradesh,27.449,79.4695,25/11/2024,0,3630,
Uttar Pradesh,25.8968,80.6795,18/10/2024,25.1,3766,
West Bengal,21.2816,88.6439,11/10/2024,35.8,4020,
Gujarat,22.5881,71.119,15/09/2024,0,3465,
Bihar,25.9121,86.7472,25/07/2024,63.7,4785,
Maharashtra,20.3337,77.1798,15/08/2024,0,3380,
Tamil Nadu,12.5426,79.0928,22/07/2024,8.3,3122,
Odisha,21.2916,83.6584,14/11/2024,15.7,3916,
Bihar,24.628,86.1951,09/07/2024,143.1,4981,
Kerala,10.0906,75.2171,26/08/2024,133,5291,
Bihar,24.9679,85.2186,18/06/2024,32.3,4366,
Assam,27.0533,93.0987,07/07/2024,57.8,4293,
Tamil Nadu,11.8186,80.009,27/09/2024,102.1,4591,
Bihar,26.0161,85.8962,04/09/2024,105.3,4737,
Uttar Pradesh,26.2829,80.3767,21/07/2024,39.2,4213,
Odisha,19.6486,83.937,29/10/2024,12.8,3729,
Bihar,26.3987,84.7245,14/09/2024,81.8,5114,
West Bengal,21.5114,87.4852,24/06/2024,94.1,4274,
Assam,25.7302,90.4811,10/11/2024,6.2,3900,
West Bengal,23.6616,89.001,05/11/2024,0,3612,
Bihar,25.1774,86.7202,05/07/2024,30.5,4354,
Uttar Pradesh,25.8467,79.4519,07/06/2024,0,3519,
Maharashtra,20.8508,76.0068,16/07/2024,60.8,3850,
Gujarat,22.5896,72.396,02/09/2024,59.9,4173,
Tamil Nadu,10.593,77.7967,21/10/2024,0,3124,
Odisha,20.762,84.8137,05/11/2024,7.4,3697,
Tamil Nadu,10.991,78.1032,28/11/2024,20.4,3536,
Uttar Pradesh,26.02,81.5636,07/08/2024,107.8,4806,
Uttar Pradesh,26.3515,81.4294,25/06/2024,33.4,4407,
Karnataka,16.1762,76.863,06/08/2024,68.6,4272,
Assam,27.6341,92.4598,03/06/2024,16.2,4186,
Uttar Pradesh,26.0401,82.0665,03/11/2024,36.1,4506,
Tamil Nadu,10.6942,77.9865,14/11/2024,0,3249,
Tamil Nadu,10.4671,79.8847,21/08/2024,40.4,3751,
Odisha,20.8677,84.7139,05/09/2024,143.9,5353,
Maharashtra,19.5505,76.8515,11/06/2024,32.1,3808,
Assam,25.1486,92.2897,16/08/2024,115,5714,
Tamil Nadu,12.4952,79.9119,04/06/2024,48.2,3575,
Karnataka,16.7564,76.5206,08/11/2024,25.9,3940,
Odisha,21.0837,85.7581,02/11/2024,16.8,3626,
Gujarat,22.1809,70.6896,21/10/2024,0,3413,
Tamil Nadu,10.5198,79.3169,30/06/2024,138.5,4668,
Bihar,25.0092,84.8981,11/07/2024,83.6,5377,
Bihar,25.1825,84.2137,28/10/2024,0,3901,
Tamil Nadu,9.983,79.27,19/11/2024,0,3491,
Tamil Nadu,12.3157,79.5158,16/06/2024,45.8,3491,
Uttar Pradesh,27.2197,81.3801,21/10/2024,0,3815,
Odisha,19.9616,84.3703,29/10/2024,30.2,3798,
West Bengal,22.221,89.7881,27/07/2024,61.5,4360,
Maharashtra,20.8316,75.8712,09/10/2024,0,3473,
Tamil Nadu,12.3426,79.9211,06/11/2024,0,3204,
Maharashtra,18.6748,76.0582,15/10/2024,0,3405,
Maharashtra,18.9215,74.4034,27/07/2024,0,3516,
Odisha,20.0452,85.536,25/07/2024,56.7,3772,
Bihar,26.6747,84.983,25/11/2024,2.8,3671,
West Bengal,21.4821,88.5417,20/06/2024,52.7,4609,
Karnataka,14.0451,75.0431,27/08/2024,108,3939,
West Bengal,21.2997,89.0568,16/08/2024,4.7,3754,
Gujarat,23.7381,70.33,01/08/2024,64.6,4036,
Uttar Pradesh,28.2791,80.4131,12/09/2024,0,3615,
Assam,25.9164,92.8189,24/08/2024,100.5,5024,
Karnataka,14.0043,74.2378,17/11/2024,4.1,3163,
Gujarat,23.1135,69.9127,10/10/2024,0,3579,
Assam,25.7402,92.1417,04/08/2024,14.5,4371,
Kerala,11.4148,77.0861,23/09/2024,71.3,4514,
Maharashtra,20.2664,76.5476,17/10/2024,16.9,3329,
Uttar Pradesh,27.4206,81.457,02/11/2024,17.2,3764,
Bihar,25.5261,86.0038,19/07/2024,103.3,4904,
Tamil Nadu,11.4919,78.3603,12/11/2024,0,3627,
Maharashtra,20.4478,75.1806,26/10/2024,16,3880,
Maharashtra,19.2681,76.826,19/08/2024,61.8,3733,
Assam,25.3587,90.8115,14/11/2024,0,4133,
West Bengal,21.1344,87.7585,13/07/2024,71.9,4074,
Uttar Pradesh,26.1622,79.8631,29/06/2024,100.8,5104,
Tamil Nadu,10.928,77.3748,11/10/2024,9.2,3669,
Karnataka,15.1193,76.6473,07/11/2024,40.8,3578,
Tamil Nadu,9.6899,79.3592,09/07/2024,29.4,3571,
Maharashtra,20.0474,76.6893,03/06/2024,77.9,4508,
Odisha,20.8304,84.4948,04/06/2024,119,5207,
Gujarat,22.7945,71.5895,22/09/2024,68.4,4465,
Maharashtra,20.1051,75.7546,12/07/2024,0.4,3417,
Tamil Nadu,11.3086,80.0625,18/06/2024,45.5,3379,
Uttar Pradesh,27.0118,79.8311,01/07/2024,74,4820,
Kerala,8.9729,75.1313,14/07/2024,81.3,4003,
Karnataka,14.1881,75.4461,08/10/2024,25.4,3561,
Odisha,21.8957,85.1508,18/08/2024,0,3468,
Tamil Nadu,12.1993,79.8819,06/06/2024,59.3,3995,
Bihar,25.169,85.2296,04/10/2024,0,4013,
Maharashtra,19.3353,75.6087,16/09/2024,44,3468,
Karnataka,14.5158,76.1884,20/11/2024,0,3383,
Kerala,11.1208,76.4042,11/10/2024,34.6,4461,
West Bengal,22.0929,88.5663,18/08/2024,69.7,4238,
Odisha,22.2094,86.0983,18/09/2024,78.3,4512,
Odisha,21.3826,85.3655,22/11/2024,23.8,3821,
Karnataka,15.2827,75.0265,06/09/2024,10.1,3343,
Uttar Pradesh,26.2176,81.9676,07/11/2024,1.5,4055,
Karnataka,14.8858,77.0698,16/11/2024,0,3390,
Gujarat,20.9954,69.8943,24/10/2024,0,3302,
Uttar Pradesh,26.8559,79.602,06/07/2024,31.3,3826,
Bihar,26.8262,83.8668,02/09/2024,22.9,4300,
Odisha,21.4157,84.7839,05/09/2024,69.7,4346,
Gujarat,21.701,72.6897,19/11/2024,9.7,3654,
Gujarat,21.4776,71.6504,22/07/2024,75.1,4469,
Uttar Pradesh,27.7992,79.4189,09/11/2024,0,3726,
Tamil Nadu,11.6159,77.6243,09/10/2024,36.6,3422,
Uttar Pradesh,25.5407,81.5048,15/07/2024,103.9,4714,
West Bengal,23.862,88.2576,14/11/2024,25.9,3681,
Maharashtra,19.832,76.3578,02/07/2024,85.5,4240,
Uttar Pradesh,26.9992,79.4417,09/10/2024,10.6,4076,
Bihar,25.3059,85.3489,10/07/2024,58.8,4116,
Assam,26.7713,93.0546,06/06/2024,101.5,4528,
West Bengal,21.8217,88.0919,17/06/2024,111,4784,
Gujarat,22.1199,72.005,23/10/2024,19.5,3609,
Odisha,21.0789,83.5978,06/10/2024,4.6,3905,
Uttar Pradesh,26.4309,81.2041,28/07/2024,57.8,4493,
Karnataka,16.2734,76.8684,06/10/2024,32.6,3562,
West Bengal,24.0487,89.3025,01/06/2024,42.8,4356,
Odisha,21.8735,83.3862,04/11/2024,17.2,3658,
Bihar,26.0966,84.9882,04/06/2024,81.8,4220,
Kerala,10.5538,75.7007,11/09/2024,103.9,4961,
Assam,26.6241,90.7544,19/10/2024,10,4226,
Bihar,25.4504,86.5918,07/07/2024,97.2,4595,
Maharashtra,18.6903,76.0978,16/08/2024,94.5,4452,
Bihar,24.468,85.0642,19/07/2024,54.4,3914,
Karnataka,14.3722,75.7766,08/06/2024,50.8,3398,
Tamil Nadu,10.2981,79.8954,16/07/2024,23.1,3503,
Bihar,26.8286,86.628,03/10/2024,14.7,3891,
Tamil Nadu,11.5437,78.0635,21/08/2024,34.9,3923,
Bihar,25.3254,85.7597,04/08/2024,127.5,4663,
Tamil Nadu,10.996,78.8707,15/09/2024,32.1,3801,
Tamil Nadu,11.4313,77.4855,13/09/2024,61.2,3528,
Gujarat,23.0871,72.6259,23/08/2024,131,4196,
Odisha,21.1032,83.6861,14/11/2024,17.3,4107,
Karnataka,16.2889,76.163,09/08/2024,33.7,3823,
Karnataka,15.4422,76.1021,06/06/2024,173.9,4687,
Uttar Pradesh,25.4089,80.693,08/08/2024,89.8,4029,
Karnataka,14.8245,74.2463,22/08/2024,0,3209,
Gujarat,23.5178,70.1209,17/08/2024,69.4,3823,
Uttar Pradesh,25.7695,81.3979,12/06/2024,113,4749,
Bihar,26.6125,83.8492,15/11/2024,28.6,4221,
Uttar Pradesh,27.9555,81.6036,28/08/2024,70.2,4982,
Assam,26.6543,93.0231,02/10/2024,7.2,4025,
Maharashtra,21.1836,75.1709,01/10/2024,1.1,3538,
Karnataka,15.5136,76.4715,22/08/2024,104.4,4275,
Tamil Nadu,9.765,79.6713,26/10/2024,0,3053,
Kerala,8.619,77.4979,10/10/2024,0,3622,
Tamil Nadu,11.262,79.4668,25/09/2024,145.3,4386,
Maharashtra,20.0075,76.0985,29/10/2024,0,3201,
Assam,24.8886,92.0478,23/07/2024,22.6,4472,
Uttar Pradesh,26.1479,80.5721,21/10/2024,0,3620,
Bihar,24.6009,86.3264,10/06/2024,70.3,4219,
Uttar Pradesh,25.4273,81.5916,02/09/2024,87.8,4493,
Uttar Pradesh,25.6933,80.5122,13/08/2024,28.3,4123,
Uttar Pradesh,26.7423,81.6986,22/09/2024,9.1,4060,
Karnataka,15.7534,75.5414,10/07/2024,166.9,4537,
West Bengal,23.6058,87.3021,01/07/2024,13.5,3536,
Uttar Pradesh,27.0111,79.4831,14/06/2024,0,3541,
Kerala,9.066,76.5335,14/07/2024,93.1,4640,
Gujarat,23.0193,69.8266,24/08/2024,60.6,3785,
Maharashtra,20.5163,75.0677,25/06/2024,33.4,3895,
Kerala,10.6676,76.5119,26/07/2024,9,3627,
Tamil Nadu,10.868,79.5393,30/06/2024,79,4672,
Tamil Nadu,12.5482,79.9694,10/10/2024,10.6,3309,
Kerala,10.6976,75.6922,27/06/2024,42,3889,
West Bengal,23.3257,89.7224,03/07/2024,127.2,5268,
Uttar Pradesh,26.7944,81.5383,18/06/2024,70.3,4708,
Odisha,22.2822,83.6832,07/07/2024,37.1,4402,
West Bengal,21.8767,88.2861,22/06/2024,58,4243,
Uttar Pradesh,28.2874,80.3969,16/11/2024,27.4,3772,
Odisha,22.3602,84.3391,25/06/2024,88.9,5022,
Karnataka,13.8739,74.3166,28/10/2024,36.8,3760,
Karnataka,16.2029,75.713,08/06/2024,0,3259,
Kerala,9.4305,77.0228,30/10/2024,1.2,3801,
West Bengal,21.3342,87.6047,30/08/2024,57.6,4322,
Gujarat,23.6514,70.0769,12/07/2024,24,3522,
Odisha,19.9881,84.7284,12/08/2024,30.9,4200,
Tamil Nadu,10.4234,78.696,09/10/2024,33,3557,
Tamil Nadu,11.9611,79.9783,20/08/2024,46,3641,
Karnataka,16.081,74.6878,14/07/2024,70.3,3836,
Uttar Pradesh,26.1456,80.8445,04/07/2024,90.4,4764,
Karnataka,14.9415,76.8975,07/08/2024,46.6,3420,
Uttar Pradesh,27.1851,82.1421,18/06/2024,62.5,4287,
West Bengal,23.7458,87.4149,07/07/2024,38.1,4215,
Uttar Pradesh,27.3386,80.8734,01/06/2024,38.4,4406,
Karnataka,15.7561,75.5708,10/08/2024,9.4,3745,
Uttar Pradesh,28.1572,82.3167,10/09/2024,46.5,4378,
Tamil Nadu,10.5343,79.5629,08/06/2024,27.4,3312,
Odisha,19.8407,85.6519,23/09/2024,7.5,3854,
Kerala,9.0734,77.294,11/10/2024,12.5,3672,
Tamil Nadu,10.1801,78.0556,05/08/2024,22.6,3199,
Odisha,21.0489,83.8319,11/06/2024,0,3713,
Gujarat,22.8801,71.3559,09/07/2024,15,3543,
Maharashtra,18.9921,75.7844,22/07/2024,47.2,4037,
Karnataka,16.0507,76.6432,28/06/2024,50.4,4079,
Gujarat,23.5918,70.9463,13/09/2024,21.7,3679,
Maharashtra,20.8335,76.2525,23/09/2024,51.6,3974,
Bihar,26.292,84.6862,16/11/2024,8.3,3909,
Kerala,8.7096,76.9712,25/11/2024,10.6,3962,
Assam,24.8373,91.1192,08/06/2024,104,5240,
Gujarat,22.667,71.2412,02/10/2024,0.6,3415,
Karnataka,15.2598,75.887,04/09/2024,48.3,3563,
Karnataka,15.2167,77.0751,26/09/2024,84.7,4637,
Bihar,24.6556,85.5702,03/07/2024,101.1,5809,
Assam,26.2129,90.2489,22/09/2024,78.4,4832,
Assam,25.486,92.6062,28/07/2024,42.6,4538,
Bihar,24.7501,86.2375,03/08/2024,127.2,5904,
Karnataka,13.9329,74.8682,19/07/2024,12,3778,
Kerala,8.798,75.5901,28/06/2024,85,5020,
Uttar Pradesh,26.9124,82.0173,02/11/2024,0,3894,
Uttar Pradesh,25.4893,79.7843,11/11/2024,0,3896,
Odisha,21.3314,83.5286,24/07/2024,137.2,5133,
Odisha,22.3142,85.447,21/09/2024,4.8,3961,
Tamil Nadu,12.0399,78.0326,18/10/2024,7.9,3115,
West Bengal,23.7667,89.0244,15/09/2024,63.3,3924,
West Bengal,21.1078,87.0936,28/10/2024,4.1,3675,
Maharashtra,21.0851,74.9778,04/09/2024,3.9,3712,
Uttar Pradesh,25.7191,79.9017,10/07/2024,25,3905,
Karnataka,15.1932,75.5462,28/09/2024,48.9,3397,
Karnataka,13.9107,75.8598,05/08/2024,0,3398,
Tamil Nadu,10.5314,77.2095,28/08/2024,91.8,4246,
Tamil Nadu,12.3608,77.504,28/09/2024,63.6,3640,
Odisha,21.474,85.8699,13/08/2024,112.7,4541,
Maharashtra,19.4544,75.1522,18/06/2024,84.5,4447,
Uttar Pradesh,27.0896,80.088,27/08/2024,41.4,4168,
Kerala,10.6729,75.6182,11/08/2024,70.3,4092,
Tamil Nadu,10.155,79.0127,10/10/2024,29.7,3249,
Bihar,25.691,85.379,11/11/2024,30.3,4279,
Bihar,24.8515,84.4677,02/11/2024,35.1,4446,
Uttar Pradesh,27.0789,80.685,20/06/2024,102.2,4907,
Kerala,9.6059,77.3326,31/10/2024,18.1,3621,
Karnataka,16.6246,74.7339,09/11/2024,37.3,3684,
West Bengal,21.6647,88.4624,31/08/2024,10.8,3520,
Odisha,20.2843,84.5246,30/07/2024,106.9,4620,
Uttar Pradesh,25.3286,81.2689,23/07/2024,0,3515,
Bihar,27.0339,85.1454,04/09/2024,22.2,4383,
Tamil Nadu,9.9733,80.1263,03/11/2024,12.4,3196,
Odisha,20.8108,84.2027,20/07/2024,84.1,4588,
West Bengal,23.0345,87.6349,05/08/2024,79.7,4215,
Kerala,9.1235,75.7672,14/09/2024,103.6,4270,
Uttar Pradesh,25.9529,79.7269,05/07/2024,74.7,4566,
Uttar Pradesh,26.9606,81.1259,27/06/2024,34.8,3757,
Uttar Pradesh,26.8817,80.0073,27/11/2024,0,3628,
Gujarat,23.5028,72.6005,29/09/2024,121.4,4711,
Assam,27.1063,93.0575,03/07/2024,114.3,5668,
Odisha,19.5954,85.428,08/09/2024,0,3568,
West Bengal,23.066,88.4851,08/06/2024,60.2,4553,
Odisha,21.7279,84.5449,02/10/2024,23.5,3932,
Maharashtra,18.7247,76.9405,06/09/2024,133.6,4257,
Tamil Nadu,11.0401,79.815,14/10/2024,14.5,3621,
Bihar,27.087,85.8033,09/11/2024,4.7,3669,
Maharashtra,19.9464,77.1496,23/06/2024,82.6,4050,
Kerala,9.7482,76.869,10/06/2024,0,3495,
Uttar Pradesh,26.1011,80.5324,30/06/2024,30.7,4139,
Maharashtra,21.0525,74.629,18/06/2024,58.7,4179,
Karnataka,15.9045,75.1723,04/08/2024,42.6,3839,
Kerala,8.7837,75.8986,18/07/2024,44.7,3773,
Maharashtra,20.0546,76.3326,13/07/2024,40.9,3812,
Odisha,19.5092,83.8889,18/10/2024,0,3781,
Uttar Pradesh,26.823,80.9466,29/06/2024,58.5,4479,
Karnataka,15.977,74.6166,06/07/2024,114.5,3705,
Kerala,10.0354,77.7721,28/09/2024,89.1,4311,
Gujarat,20.9193,71.2423,24/11/2024,0,3185,
Tamil Nadu,12.3118,79.622,26/09/2024,87.3,4051,
Bihar,24.6945,84.7943,14/10/2024,0,4127,
Uttar Pradesh,25.7255,82.2495,25/11/2024,3.8,4073,
Karnataka,15.2617,77.1263,07/07/2024,79.9,3987,
Maharashtra,18.5981,75.1251,21/07/2024,123.3,4123,
Kerala,8.8067,77.9231,05/08/2024,109,4229,
Gujarat,21.7072,72.3161,04/09/2024,81.1,4112,
Bihar,27.195,84.1594,15/09/2024,49.6,4175,
West Bengal,22.0542,89.6795,01/08/2024,13.5,3729,
Odisha,20.4932,85.5409,27/07/2024,66.6,4027,
Tamil Nadu,12.3096,79.6929,12/10/2024,15.8,3390,
Maharashtra,20.5466,76.6254,28/06/2024,62.1,3638,
Assam,26.5093,90.3506,24/06/2024,40.1,4946,
Uttar Pradesh,26.1033,79.9918,16/09/2024,81.5,4241,
Karnataka,15.0602,76.8436,23/08/2024,52.6,3572,
Bihar,26.9177,84.3636,29/07/2024,90.4,4558,
Kerala,10.3939,77.6906,15/07/2024,38.2,3982,
Tamil Nadu,11.8392,78.6134,12/08/2024,65.4,3939,
Odisha,20.9992,84.9847,06/08/2024,0,3451,
Maharashtra,18.2334,74.6266,05/08/2024,161.5,5371,
Assam,26.0239,92.3904,22/09/2024,93.4,5421,
Karnataka,14.1631,76.1891,31/07/2024,22.2,4000,
Tamil Nadu,12.4803,78.8295,21/11/2024,7,3453,
Gujarat,22.2944,70.9974,25/10/2024,14.7,3749,
Bihar,26.7412,84.9232,01/09/2024,82.3,4217,
Odisha,19.6497,85.1917,28/09/2024,11.8,3616,
Uttar Pradesh,26.3622,79.7099,17/09/2024,67.8,4215,
Maharashtra,18.5326,74.4154,27/08/2024,91.7,4503,
Gujarat,21.9352,71.3699,02/08/2024,56.2,3726,
West Bengal,22.2092,88.0803,27/06/2024,9.2,3703,
Uttar Pradesh,26.2577,80.504,07/08/2024,56.5,4563,
Tamil Nadu,12.0228,78.1862,26/06/2024,77.8,3600,
Uttar Pradesh,27.4504,82.0825,09/06/2024,91.9,4389,
Maharashtra,20.5642,77.0954,13/10/2024,26.4,3967,
Bihar,26.77,84.3588,01/07/2024,22.7,3998,
Karnataka,15.7942,75.2436,12/11/2024,26.1,3587,
West Bengal,23.105,87.7264,06/06/2024,20.7,3867,
West Bengal,23.3942,87.5958,07/11/2024,2,3854,
Uttar Pradesh,25.7635,81.6071,23/08/2024,41.6,4092,
Uttar Pradesh,27.9681,81.8273,19/08/2024,0,3886,
West Bengal,21.1043,89.3259,02/06/2024,67.3,4616,
Assam,26.4335,90.7673,11/11/2024,0,4003,
Gujarat,21.876,71.8045,04/10/2024,0,3191,
Odisha,22.1638,84.308,04/06/2024,66.3,4163,
Gujarat,22.106,70.3947,22/10/2024,18.7,3424,
West Bengal,22.6739,89.0068,19/10/2024,0,3575,
Karnataka,16.5481,77.0623,05/07/2024,0,3394,
Kerala,9.9444,76.7575,24/09/2024,68.4,3953,
Assam,27.3085,91.3043,28/07/2024,0,3953,
Karnataka,14.0788,74.242,21/11/2024,13.3,3214,
Kerala,11.2291,75.3833,09/06/2024,29.7,4314,
Bihar,26.1579,86.3792,02/06/2024,17.8,3859,
Gujarat,22.6735,69.7919,18/06/2024,39.3,3473,
West Bengal,22.4176,88.1572,16/11/2024,39.5,3979,
Bihar,25.5633,84.3732,08/11/2024,27,3924,
Maharashtra,19.881,76.9474,12/09/2024,38.4,4131,
Maharashtra,20.6512,76.0909,16/10/2024,0,3443,
Tamil Nadu,10.0358,77.4188,02/09/2024,58.2,4159,
Tamil Nadu,10.2039,79.8529,26/07/2024,126.3,4066,
Karnataka,15.2752,76.6331,19/11/2024,0,3369,
Gujarat,21.0645,70.7482,18/10/2024,40.7,3682,
Tamil Nadu,11.0816,77.7897,17/10/2024,0,3416,
Bihar,25.9452,84.1657,18/11/2024,19,4308,
Maharashtra,20.6139,75.8837,26/08/2024,58.5,3932,
Kerala,10.1376,77.4626,23/07/2024,50.7,3884,
Kerala,9.2173,77.6444,05/09/2024,46.9,4195,
Kerala,10.637,77.3047,26/09/2024,0,3517,
Maharashtra,20.8931,76.4408,06/09/2024,89.4,4007,
Uttar Pradesh,26.9445,80.4486,22/07/2024,20.5,3927,
Tamil Nadu,12.3644,78.5598,17/08/2024,175.9,5190,
Kerala,9.8245,77.2902,22/09/2024,63.1,4228,
Uttar Pradesh,26.9173,80.964,06/09/2024,0,3645,
West Bengal,23.9721,88.9426,02/11/2024,8.2,3524,
Maharashtra,20.4839,76.5179,29/06/2024,22.9,3671,
Odisha,19.7248,84.8341,29/09/2024,52,4334,
Kerala,11.4049,76.4772,14/07/2024,60.6,4621,
Tamil Nadu,11.3054,78.0326,30/07/2024,23.6,3283,
Gujarat,23.5985,72.1044,09/07/2024,116,4140,
Maharashtra,18.4429,75.1098,26/08/2024,20.7,3508,
Odisha,19.8336,84.494,22/08/2024,0,3635,
Assam,27.4459,90.4194,18/10/2024,35.4,4670,
Bihar,27.252,86.1173,09/07/2024,119.3,5196,
Karnataka,13.8941,76.0831,17/08/2024,145.8,4477,
Kerala,10.0595,77.7714,19/08/2024,93.9,4020,
Uttar Pradesh,28.0097,81.0864,20/08/2024,86,4843,
Karnataka,15.8086,76.7164,09/09/2024,61.7,4083,
Kerala,9.8695,76.7155,10/11/2024,14.8,3992,
Assam,25.1966,91.925,07/08/2024,11.9,4033,
Uttar Pradesh,25.606,82.2679,16/06/2024,101.1,4749,
Odisha,20.5454,84.5991,23/09/2024,85.1,4355,
Karnataka,15.7639,76.4087,26/08/2024,34.4,3352,
Odisha,21.9391,83.5939,18/11/2024,14,3773,
Karnataka,15.5344,74.7753,09/08/2024,61.2,3983,
West Bengal,21.848,89.4612,18/10/2024,0,4014,
Kerala,10.14,75.2468,04/06/2024,16.6,3915,
Tamil Nadu,9.9315,80.1326,26/11/2024,0,3343,
Karnataka,14.3277,76.6423,04/06/2024,28.6,3502,
West Bengal,22.1069,88.4653,25/07/2024,42.8,3845,
Odisha,22.3318,86.07,08/08/2024,36.7,3898,
Kerala,10.708,77.3795,27/06/2024,86.4,4488,
Maharashtra,18.3979,76.446,22/06/2024,90.2,4072,
West Bengal,23.311,88.5499,10/09/2024,57.5,4249,
Karnataka,16.5221,74.3692,11/07/2024,65.6,3743,
West Bengal,23.0901,88.1043,31/10/2024,26.5,4188,
Kerala,8.6688,75.7624,04/07/2024,12.2,3458,
Kerala,10.0869,76.7756,03/07/2024,127,5167,
West Bengal,23.0546,89.1387,03/09/2024,135,4804,
Gujarat,22.0651,70.386,18/11/2024,0,3427,
Tamil Nadu,10.3937,78.0582,26/06/2024,31.2,3469,
Assam,24.886,91.5171,20/08/2024,26.2,4634,
Odisha,20.599,84.7699,23/06/2024,71.6,4670,
Odisha,22.2465,85.8687,10/10/2024,8.2,3804,
Gujarat,22.4925,69.916,14/06/2024,42,3494,
Tamil Nadu,10.6308,79.7487,17/10/2024,2.5,3205,
Assam,26.7889,90.4686,07/09/2024,140.1,5575,
Bihar,24.6544,86.7432,26/07/2024,138.8,5833,
Karnataka,14.2157,76.8508,10/08/2024,68.7,3673,
Maharashtra,19.4364,74.3503,24/10/2024,0,3294,
Bihar,25.8626,84.4149,20/09/2024,15.1,3718,
Karnataka,15.2443,74.8889,18/07/2024,109.7,4599,
Uttar Pradesh,28.1379,79.6928,20/10/2024,18.6,3707,
Gujarat,22.1726,71.5927,29/08/2024,88.4,4157,
Gujarat,21.1442,71.2455,20/06/2024,16.3,3489,
Bihar,25.0551,83.8802,27/08/2024,61.3,4460,
Tamil Nadu,10.4713,78.7333,13/10/2024,1.2,3709,
Tamil Nadu,10.9355,78.9499,28/09/2024,137.4,5240,
Odisha,19.4032,83.4163,13/10/2024,2.4,3750,
Maharashtra,20.7227,76.5837,30/10/2024,25.5,4127,
Assam,25.879,91.0904,15/10/2024,6.6,3974,
Kerala,11.41,75.4046,17/08/2024,66.7,4112,
Tamil Nadu,12.4431,79.4373,22/08/2024,4.2,3672,
Kerala,11.2663,76.2182,15/11/2024,4.6,3460,
West Bengal,22.6289,89.6514,02/08/2024,56.5,3797,
Kerala,8.6931,77.1047,31/07/2024,115.7,5215,
West Bengal,23.3079,87.4717,01/06/2024,83.7,4551,
Gujarat,23.4665,70.0887,27/10/2024,0,3281,
Karnataka,14.4695,75.0628,19/08/2024,4.8,3233,
Tamil Nadu,11.247,80.1167,12/11/2024,13.1,3402,
Maharashtra,19.5783,77.1457,27/07/2024,96.2,4266,
Bihar,26.679,85.5201,04/11/2024,12.9,3916,
Kerala,9.6221,75.2524,29/08/2024,33.5,3715,
Uttar Pradesh,26.5472,82.1064,30/09/2024,55.3,3935,
Odisha,19.9807,84.1897,10/08/2024,81.3,5055,
Karnataka,15.3175,76.4846,19/11/2024,9.1,3692,
Bihar,26.2987,84.7424,13/09/2024,100.2,4232,
Maharashtra,19.5351,75.7398,30/10/2024,27.1,4124,
West Bengal,23.2156,89.8854,10/10/2024,2.9,3567,
Odisha,21.5162,83.1364,02/10/2024,0,3708,
Kerala,11.136,75.8467,01/09/2024,106.5,4116,
Maharashtra,18.2792,74.5672,26/07/2024,110.9,4791,
Odisha,20.1545,84.2963,03/09/2024,83.8,4394,
Tamil Nadu,11.3866,78.6504,13/07/2024,80.9,4057,
Assam,25.3684,90.4415,17/07/2024,69.2,4819,
West Bengal,23.0757,87.1499,08/08/2024,81.2,4061,
Maharashtra,20.3663,75.354,25/06/2024,92.4,4553,
West Bengal,23.9632,89.2092,16/08/2024,40.2,4166,
Odisha,22.1435,85.2973,10/09/2024,53.2,4062,
Tamil Nadu,10.1705,79.179,24/08/2024,17.8,3564,
Odisha,20.6926,83.4169,08/06/2024,156.9,5050,
Kerala,10.4258,75.3523,02/06/2024,91.9,4163,
Assam,25.7759,90.5055,18/06/2024,25.1,4622,
Bihar,24.4513,83.9641,20/07/2024,69.6,4830,
Kerala,9.0993,75.0046,05/10/2024,2.8,3572,
West Bengal,22.2382,87.6149,05/06/2024,0,3802,
Bihar,25.1442,84.6764,24/09/2024,62.7,4658,
West Bengal,22.1184,88.6968,03/11/2024,0,3510,
Uttar Pradesh,27.8452,79.7467,10/11/2024,0,3803,
Assam,24.7371,92.1833,09/09/2024,13.9,4307,
Tamil Nadu,12.546,78.3302,05/06/2024,107.6,4202,
Odisha,22.1482,84.948,06/09/2024,0,3584,
West Bengal,22.3341,88.6507,16/07/2024,0,3787,
West Bengal,21.3725,87.3678,22/08/2024,0,3732,
Assam,25.7036,92.5604,17/06/2024,27.5,4097,
West Bengal,22.6227,89.7974,16/06/2024,53.4,4167,
Kerala,10.6436,77.7374,22/08/2024,0,3553,
Odisha,21.7178,85.7999,09/10/2024,0,3594,
Assam,25.8495,90.2221,28/11/2024,5.3,4074,
Bihar,24.9968,84.8819,13/07/2024,0,3627,
Kerala,10.9842,77.769,24/10/2024,0,3554,
Tamil Nadu,9.6334,77.3255,05/10/2024,19,3780,
Uttar Pradesh,28.0823,80.9849,09/07/2024,119.2,4681,
Kerala,10.8996,75.9507,24/07/2024,63.2,3919,
Assam,26.2442,92.1728,22/07/2024,39.3,4625,
Maharashtra,19.2525,74.2402,10/10/2024,0,3506,
Karnataka,16.5509,74.5022,23/11/2024,9.9,3553,
Bihar,24.9318,83.8184,03/06/2024,50.1,4635,
West Bengal,23.563,87.4998,09/08/2024,70.3,4390,
West Bengal,22.7104,89.1844,27/08/2024,30.3,4348,
Assam,25.8688,91.1495,11/10/2024,1.3,4449,
Gujarat,23.2567,71.7937,20/10/2024,0,3690,
Maharashtra,18.9905,75.9821,15/08/2024,48.8,3671,
Uttar Pradesh,28.2389,80.1615,20/09/2024,13,3794,
Assam,24.7615,91.9458,18/10/2024,0,4161,
Maharashtra,18.6469,75.9937,08/08/2024,63.3,3893,
Kerala,10.6292,76.2838,07/07/2024,96.6,4726,
Karnataka,14.9055,75.6208,30/06/2024,5.9,3620,
Uttar Pradesh,25.3758,81.8941,14/06/2024,77.5,4450,
West Bengal,22.9624,88.9355,21/08/2024,42.4,4069,
Karnataka,16.4791,76.609,09/06/2024,40.3,3450,
Maharashtra,18.4641,75.7208,05/10/2024,23.7,3605,
Kerala,8.7017,77.4111,01/09/2024,11.7,3932,
Assam,24.7889,92.0815,29/08/2024,79.6,4902,
Bihar,26.355,85.7542,10/07/2024,27.7,4234,
Maharashtra,18.7958,77.098,10/07/2024,72.2,4266,
West Bengal,23.5339,88.0036,06/10/2024,0,4019,
West Bengal,23.3021,88.3144,08/06/2024,83.3,4320,
Karnataka,15.2062,76.226,20/11/2024,6.2,3592,
Bihar,25.4736,83.84,28/07/2024,108.9,4199,
Karnataka,15.4126,76.1365,14/06/2024,85.5,3973,
Karnataka,15.4183,76.1726,14/09/2024,88.5,3979,
Gujarat,23.4855,69.9168,22/07/2024,165.4,5322,
Odisha,19.6465,85.2104,27/06/2024,61.9,4245,
Maharashtra,18.5002,74.7509,20/07/2024,50.7,3916,
Odisha,21.509,83.1529,06/10/2024,0,3965,
Kerala,9.2297,77.6838,26/07/2024,90.9,4781,
Gujarat,21.5276,72.6074,05/10/2024,0,3131,
Odisha,21.5874,83.5347,10/06/2024,71.9,4662,
Bihar,25.2185,86.1683,05/09/2024,61.4,4237,
West Bengal,22.7084,87.2067,13/09/2024,114.9,4339,
Gujarat,22.8206,70.9757,15/08/2024,67.5,3616,
Gujarat,22.6887,71.5439,05/07/2024,19.8,3446,
Maharashtra,19.9214,76.5837,15/09/2024,71.5,4420,
Gujarat,21.2456,70.5938,06/09/2024,73,4740,
Bihar,25.1746,86.608,19/10/2024,41.2,4197,
Kerala,9.9053,76.8116,03/07/2024,54.6,4299,
Maharashtra,20.8766,74.8792,21/06/2024,51.7,4105,
Maharashtra,18.7883,75.2626,22/10/2024,14.2,3836,
Odisha,22.1867,85.2826,26/11/2024,0,4062,
Assam,24.979,91.3637,17/06/2024,26.2,4679,
Uttar Pradesh,27.803,80.9694,02/11/2024,21,3755,
Tamil Nadu,10.4788,78.1042,13/08/2024,88.9,4105,
Gujarat,22.9854,72.458,14/08/2024,36.8,3492,
Gujarat,22.1203,70.3592,26/10/2024,35,3713,
Uttar Pradesh,28.2576,79.6787,28/11/2024,0.4,3966,
Assam,24.9326,91.7525,23/07/2024,139.5,6013,
Gujarat,22.424,71.271,13/08/2024,95.9,4028,
Kerala,11.0054,77.9401,24/06/2024,31.8,3708,
Tamil Nadu,11.1297,77.6948,28/09/2024,61,4058,
Bihar,24.6231,85.1943,05/06/2024,23,4260,
Bihar,26.4767,84.6918,31/10/2024,15,3803,
West Bengal,22.2939,87.0564,08/11/2024,0,3437,
West Bengal,21.7576,87.7014,04/10/2024,13,4121,
Assam,24.7516,91.543,05/11/2024,13.3,4218,
Uttar Pradesh,26.2309,82.0375,04/11/2024,13.4,3683,
Odisha,20.2174,84.9107,29/08/2024,132.4,4877,
Kerala,9.6163,77.8288,28/11/2024,0,3468,
Kerala,10.4922,76.8114,08/10/2024,15.6,3664,
Kerala,9.1485,76.4306,27/10/2024,20.5,3748,
Maharashtra,18.4305,74.7277,24/07/2024,22.9,3653,
Tamil Nadu,10.9828,79.1132,30/06/2024,52.2,3828,
Assam,26.5544,91.4187,16/11/2024,13.6,4066,
Bihar,25.0667,85.4197,23/10/2024,24.4,3893,
West Bengal,23.7346,87.4015,21/10/2024,13.1,3942,
Karnataka,16.3974,74.4677,22/07/2024,108.2,4086,
Odisha,20.8204,83.6319,01/07/2024,39.4,4149,
Gujarat,23.0734,71.1429,17/09/2024,0,3461,
Odisha,20.1471,84.8772,27/09/2024,27,4469,
Karnataka,14.6,76.8448,05/06/2024,50.4,3578,
Odisha,20.439,85.6798,18/07/2024,49.2,4091,
Uttar Pradesh,25.8043,79.8823,30/06/2024,103.7,4404,
Gujarat,23.2865,71.7665,24/08/2024,103.7,4132,
Uttar Pradesh,28.2537,80.2183,16/09/2024,94.2,4904,
Kerala,11.3555,77.1381,13/06/2024,22.9,3708,
Bihar,24.6738,85.1006,08/06/2024,68.8,4838,
Bihar,25.7726,84.6189,16/10/2024,21.7,4166,
Assam,25.1163,92.658,09/10/2024,9.1,4322,
Karnataka,15.1861,75.6112,25/11/2024,2.3,3417,
Odisha,21.1077,85.9317,05/11/2024,1.1,3667,
Uttar Pradesh,26.0787,79.884,29/10/2024,19.7,4049,
Karnataka,14.0716,75.9237,20/09/2024,0,3448,
Karnataka,15.3979,76.7982,19/09/2024,50.2,4410,
Gujarat,23.0734,69.9621,02/10/2024,49.7,3804,
Assam,26.4395,91.9346,11/11/2024,0,4309,
Assam,25.9943,91.6759,16/10/2024,15.1,4612,
Uttar Pradesh,26.4862,81.1114,11/07/2024,105,4794,
Karnataka,14.2517,76.5838,29/07/2024,80.3,4146,
Karnataka,15.9361,75.2036,09/07/2024,106.7,4160,
Tamil Nadu,12.5483,77.9819,25/08/2024,84.9,3578,
Odisha,21.3364,85.3928,26/08/2024,63.7,4467,
Karnataka,14.1635,75.1648,05/10/2024,9.7,3173,
West Bengal,22.2451,89.8037,25/09/2024,54.4,3923,
Tamil Nadu,12.1585,79.4916,25/10/2024,15.4,3865,
West Bengal,23.5592,87.5631,02/07/2024,52.1,3817,
Assam,26.861,92.1125,26/07/2024,58.6,4397,
Gujarat,20.9281,70.8494,03/11/2024,0,3389,
West Bengal,23.9308,89.5926,03/08/2024,50.2,3953,
Tamil Nadu,11.5049,78.3254,11/07/2024,138.5,5202,
Uttar Pradesh,27.6789,80.9737,01/07/2024,32,4092,
Assam,25.9062,93.1776,13/09/2024,74.5,5258,
Bihar,26.4364,84.5617,24/06/2024,96.6,4691,
Assam,26.132,93.0391,11/07/2024,85,4559,
Bihar,26.291,85.6618,16/06/2024,38.9,3920,
Odisha,20.2886,85.3964,09/08/2024,98,3970,
Maharashtra,19.3718,75.0714,11/07/2024,17.5,3480,
Bihar,25.9724,86.6494,21/06/2024,28.8,4160,
Gujarat,23.7135,71.6175,13/10/2024,38.9,3870,
Tamil Nadu,10.4007,77.9041,09/07/2024,103.8,4285,
Bihar,25.359,83.8893,04/10/2024,15.1,3882,
Karnataka,14.2711,75.561,20/07/2024,19.5,3502,
Kerala,9.3982,76.4783,14/07/2024,97.2,4419,
Maharashtra,19.9753,74.2143,21/10/2024,20.7,3773,
Assam,26.3822,92.2108,12/08/2024,71.8,4294,
Bihar,26.3698,84.487,13/08/2024,66.3,4213,
Gujarat,23.0945,71.9916,08/10/2024,0,3316,
Odisha,22.328,83.1644,29/08/2024,34,3919,
Odisha,22.2689,85.7745,02/10/2024,25.9,4009,
Tamil Nadu,11.4443,78.5737,04/10/2024,0,3287,
Kerala,11.135,77.5361,11/07/2024,33.7,3540,
West Bengal,21.3083,89.2044,23/09/2024,33.7,3765,
Kerala,10.2874,75.6735,17/06/2024,66.7,3830,
Uttar Pradesh,27.2488,80.88,09/07/2024,9,3784,
Karnataka,15.3189,74.5242,08/08/2024,70.1,4135,
Uttar Pradesh,26.3343,80.898,08/11/2024,20.2,3770,
Karnataka,16.3588,74.8135,13/08/2024,48.6,3924,
Kerala,9.1607,76.208,21/08/2024,98.2,4590,
Karnataka,16.6506,75.8532,21/07/2024,35.3,3668,
Uttar Pradesh,28.0603,82.0336,08/06/2024,40.2,4051,
Bihar,24.6299,86.0798,22/11/2024,6.6,4091,
Gujarat,21.7809,71.9813,06/06/2024,75.2,3843,
Odisha,19.9532,85.2775,22/11/2024,21.6,3621,
West Bengal,21.7769,89.8611,04/10/2024,0,3464,
Tamil Nadu,10.1249,78.5598,09/07/2024,26.4,3438,
West Bengal,23.6251,89.2,05/06/2024,14.8,3519,
Maharashtra,20.0089,74.6942,15/08/2024,83.7,4108,
West Bengal,21.5277,88.3058,25/09/2024,43,4529,
Uttar Pradesh,26.8218,81.4127,08/07/2024,131,4981,
Uttar Pradesh,28.2772,82.0344,03/07/2024,10.8,3637,
Kerala,9.2026,76.248,28/09/2024,141,5309,
Gujarat,23.7265,72.3341,10/09/2024,77.3,4677,
Gujarat,21.9034,71.7633,21/06/2024,33.7,3639,
Tamil Nadu,11.6275,79.135,31/10/2024,18.1,3187,
Uttar Pradesh,27.5195,81.643,23/10/2024,0,3665,
Kerala,8.7523,76.1535,15/06/2024,51.4,3911,
Kerala,9.1806,77.6464,01/11/2024,16.2,3579,
Kerala,9.6386,75.8103,25/11/2024,32.8,3770,
Assam,25.9871,92.2415,27/10/2024,0,3847,
Uttar Pradesh,27.1321,79.9936,27/07/2024,0,3931,
Bihar,25.3781,85.3392,31/10/2024,11.8,3901,
Bihar,26.4111,85.9838,22/06/2024,70.2,4099,
Maharashtra,20.4824,77.0619,29/06/2024,81.9,4235,
Maharashtra,19.3128,75.684,19/06/2024,117.7,4248,
Uttar Pradesh,28.1908,80.9725,06/07/2024,85.1,4635,
Maharashtra,20.9826,75.4321,02/07/2024,39.1,3955,
Tamil Nadu,12.576,77.3723,14/08/2024,92.4,4070,
Uttar Pradesh,26.8898,79.4218,20/09/2024,82.2,4576,
Uttar Pradesh,27.2667,80.6239,22/07/2024,72.7,4990,
Uttar Pradesh,28.1143,79.9691,23/11/2024,27.6,3909,
Kerala,11.1543,77.4307,21/08/2024,0,3617,
Kerala,8.6736,75.0194,09/08/2024,65.6,4357,
Maharashtra,18.333,75.3105,23/09/2024,44.3,3700,
Karnataka,13.8292,76.2528,20/09/2024,39.4,3470,
Tamil Nadu,11.1216,79.2374,17/09/2024,64.6,3701,
Tamil Nadu,10.0257,78.1501,26/09/2024,12.7,3296,
Maharashtra,19.537,76.8789,26/06/2024,54.2,4346,
Odisha,22.0787,85.2892,20/10/2024,0,4012,
Odisha,21.0397,83.1249,03/10/2024,15.7,4143,
Bihar,25.6033,84.1655,20/11/2024,23.4,3868,
Tamil Nadu,10.3389,79.1064,05/09/2024,59.5,3768,
Odisha,20.4333,84.1012,04/11/2024,3.1,3649,
Assam,27.2989,92.3607,08/09/2024,89.5,5023,
West Bengal,23.4869,87.5116,10/11/2024,2.7,3815,
Bihar,26.895,85.093,19/10/2024,6.9,3917,
Assam,25.7818,92.7924,08/11/2024,7.1,3977,
Odisha,21.9073,84.9904,01/06/2024,60.8,4466,
Bihar,25.1722,86.6689,02/11/2024,20.8,4061,
Karnataka,16.3732,76.438,15/10/2024,3.8,3459,
Kerala,9.446,75.3778,13/07/2024,52.6,4062,
Bihar,24.4911,86.2479,18/08/2024,133.8,4770,
Karnataka,15.922,76.3176,09/08/2024,106.4,4569,
Maharashtra,18.3889,76.1072,02/10/2024,0,3498,
Karnataka,15.8478,74.5108,02/11/2024,13.5,3731,
Odisha,20.7709,84.5765,20/08/2024,28.9,3974,
Assam,27.3491,91.7607,15/07/2024,138,5230,
Bihar,25.6442,85.5291,17/08/2024,88.8,5335,
Gujarat,21.7734,72.1352,11/11/2024,12,3792,
Gujarat,22.6472,70.4145,29/08/2024,80.4,4814,
Odisha,19.5633,83.8002,07/11/2024,8.6,3546,
Tamil Nadu,12.2806,77.7192,25/07/2024,43.1,3380,
Bihar,24.6972,85.0358,07/09/2024,73.6,4915,
Kerala,11.3671,75.4785,24/07/2024,15.1,3688,
Uttar Pradesh,27.8789,80.0228,15/11/2024,22,3809,
Karnataka,15.957,74.6027,08/09/2024,73.9,4342,
Karnataka,15.4558,76.1402,12/11/2024,13.6,3204,
West Bengal,23.5545,89.0167,12/07/2024,47.3,3957,
Odisha,22.2704,84.713,09/07/2024,18.7,4091,
Karnataka,15.3854,75.1011,17/09/2024,144.7,4281,
Maharashtra,20.4889,74.5751,15/10/2024,41.7,3630,
Kerala,11.0915,76.9432,05/08/2024,2.4,3347,
Uttar Pradesh,25.3098,82.1296,12/11/2024,33.1,3889,
Assam,26.1397,91.2734,02/10/2024,0,3998,
West Bengal,24.055,87.9098,22/06/2024,43.5,3741,
Assam,26.9784,91.7194,02/10/2024,1.8,4018,
Kerala,8.8765,77.4397,30/07/2024,43.4,4075,
Tamil Nadu,12.178,79.2988,07/11/2024,15.6,3356,
Gujarat,22.149,71.9123,06/07/2024,113.1,4975,
Uttar Pradesh,26.1856,80.8991,30/10/2024,0,3866,
Uttar Pradesh,26.4652,80.1248,03/06/2024,44.6,4001,
Uttar Pradesh,27.4643,82.0162,30/09/2024,47.8,4336,
Assam,27.1232,93.1951,01/09/2024,92.3,5720,
Maharashtra,19.2046,74.6703,19/09/2024,40,4280,
Karnataka,15.3775,75.1723,26/09/2024,100.3,3911,
Assam,26.3159,92.7981,07/09/2024,63.5,4636,
Karnataka,16.1716,74.9504,23/08/2024,58.7,3995,
Assam,26.0024,91.348,15/10/2024,0,3895,
Karnataka,15.5282,76.0003,06/09/2024,78.6,4232,
Maharashtra,19.7425,75.4373,23/08/2024,64.1,3795,
Tamil Nadu,11.2951,77.4125,05/07/2024,94.7,4435,
Tamil Nadu,10.0711,79.1415,11/11/2024,29.2,3589,
Odisha,21.1557,83.4344,28/08/2024,68.8,4135,
Tamil Nadu,12.058,78.5565,03/11/2024,24.5,3348,
Gujarat,21.0337,72.0573,05/08/2024,132.3,4253,
Gujarat,21.5079,72.3587,09/07/2024,63.1,3814,
Odisha,21.822,84.8418,01/07/2024,91.1,4968,
Maharashtra,18.2793,74.8819,24/07/2024,83.8,3836,
West Bengal,22.0274,88.7916,09/09/2024,86.3,4260,
Karnataka,16.2304,76.7839,02/06/2024,8.1,3284,
West Bengal,23.7146,88.3386,10/07/2024,0,3649,
Maharashtra,21.0388,77.1588,12/08/2024,105,5259,
Odisha,20.7575,83.7292,25/11/2024,24.4,3875,
Uttar Pradesh,27.1599,81.9976,12/08/2024,18.6,3858,
Kerala,10.7435,75.467,02/09/2024,69.6,4465,
Tamil Nadu,11.2303,77.2942,06/11/2024,6.5,3148,
Tamil Nadu,9.6826,78.9479,08/06/2024,94.9,4148,
Gujarat,23.6917,70.4573,02/08/2024,49.3,4071,
Bihar,27.1581,84.6364,23/11/2024,0,3892,
Bihar,27.3744,85.9002,14/08/2024,92.3,4195,
Odisha,19.7605,85.1425,06/07/2024,83.3,4382,
Odisha,20.2076,85.6008,23/08/2024,3,3853,
Maharashtra,21.0544,76.0459,05/08/2024,64.1,4246,
Assam,25.0227,90.7409,26/09/2024,33.9,4579,
Uttar Pradesh,27.9244,80.7876,04/07/2024,22.9,4191,
Kerala,9.9124,75.6234,20/10/2024,5.6,3911,
Gujarat,23.6905,69.9512,23/10/2024,1,3394,
West Bengal,23.0058,88.5919,23/09/2024,72,4222,
Maharashtra,19.1919,76.3789,20/09/2024,13.3,4016,
Tamil Nadu,11.9924,80.1885,14/09/2024,66.6,3726,
Karnataka,16.2947,75.9153,13/07/2024,43.1,3279,
Karnataka,14.4281,74.849,27/11/2024,1.5,3740,
Tamil Nadu,11.3551,77.8962,09/10/2024,17.7,3210,
Gujarat,21.5468,70.9439,28/08/2024,14.3,3843,
Maharashtra,20.8027,74.7258,23/08/2024,57.6,4634,
Maharashtra,18.2269,74.8437,23/08/2024,10.7,3831,
Tamil Nadu,12.5123,77.2219,01/10/2024,27,3206,
Odisha,20.3968,85.264,28/09/2024,14,3979,
Odisha,19.562,84.8774,26/08/2024,90.2,4887,
Gujarat,21.1222,72.3344,21/10/2024,25.9,4170,
Tamil Nadu,11.7531,77.2248,09/07/2024,22.2,3149,
Uttar Pradesh,27.4497,82.3251,23/11/2024,0,3902,
Gujarat,22.4435,71.779,22/06/2024,0,3283,
Gujarat,23.6551,72.0518,27/09/2024,55.5,4177,
Karnataka,15.9164,76.5209,15/06/2024,45.5,3700,
Kerala,11.4413,75.2184,27/08/2024,42.5,4482,
Maharashtra,18.5122,74.9351,18/11/2024,0,3388,
Gujarat,21.8661,70.0653,17/11/2024,13.2,3605,
Maharashtra,19.1311,75.7102,20/11/2024,8.4,3313,
Odisha,20.3843,83.696,13/10/2024,15.3,3726,
Maharashtra,19.6022,74.7763,26/09/2024,49.4,4145,
Karnataka,15.595,74.3975,24/08/2024,62.9,4005,
West Bengal,22.2823,88.259,03/10/2024,23.2,3990,
Maharashtra,20.9639,76.0629,27/07/2024,68.7,3785,
Odisha,20.5858,85.5789,02/11/2024,13.5,3938,
Kerala,11.0932,76.0933,10/06/2024,83.3,4073,
Karnataka,16.3133,75.7725,16/09/2024,32.6,3421,
Assam,26.7695,92.4209,05/10/2024,0,4055,
West Bengal,21.9256,88.882,26/07/2024,62.5,4125,
Bihar,26.9657,84.4439,10/10/2024,1.4,3797,
Bihar,26.3916,85.644,18/11/2024,41.8,3996,
Uttar Pradesh,27.6306,80.1394,02/07/2024,0,3830,
Karnataka,15.2784,74.23,22/06/2024,17.4,3305,
West Bengal,23.8986,88.1251,19/06/2024,34.9,3893,
Odisha,21.8987,84.3536,26/07/2024,7.8,3656,
Karnataka,14.6147,74.7528,11/08/2024,9.2,3175,
Bihar,25.6086,85.3254,11/08/2024,55.3,4348,
Kerala,9.2032,76.3305,15/09/2024,41.3,3978,
Assam,24.846,90.8187,25/08/2024,50,5241,
Kerala,8.8109,76.448,12/11/2024,21.8,3540,
Kerala,11.1061,75.0181,26/06/2024,77.7,4311,
Maharashtra,19.6324,74.7489,23/07/2024,134.2,4799,
Karnataka,16.2582,75.3014,02/09/2024,109.5,4951,
Uttar Pradesh,27.5334,79.5772,26/11/2024,0,3926,
Kerala,9.9714,77.2239,24/10/2024,0,3588,
Assam,25.3636,91.7,04/07/2024,66,4687,
Assam,25.7188,92.8597,23/10/2024,2.3,3857,
Odisha,22.125,83.1159,12/06/2024,36,3907,
West Bengal,22.4906,87.6391,19/10/2024,0,3417,
West Bengal,22.9267,88.3689,24/06/2024,2,3592,
Karnataka,15.4083,76.546,08/10/2024,7,3492,
West Bengal,23.3304,89.3784,22/11/2024,12.2,4091,
Assam,26.8926,92.1038,09/06/2024,89.5,5160,
Assam,26.27,91.0148,30/09/2024,99,5473,
Bihar,25.9362,84.9463,17/09/2024,60,4592,
Karnataka,16.7842,75.7894,16/07/2024,61.8,3899,
Uttar Pradesh,27.1959,81.3951,18/11/2024,9.1,4289,
Odisha,21.5558,85.9311,28/11/2024,23.1,3799,
Assam,27.2757,92.0408,21/06/2024,67.4,4677,
Kerala,10.3518,76.1023,05/09/2024,31.6,4128,
Karnataka,15.1424,75.9127,03/07/2024,27.4,3563,
Tamil Nadu,12.4839,79.0988,17/09/2024,67,3748,
Uttar Pradesh,25.3318,82.3215,25/06/2024,44.6,3862,
Maharashtra,20.935,75.5545,02/07/2024,27.6,3691,
Assam,24.9443,92.7079,17/07/2024,73.9,5094,
Karnataka,15.8075,77,03/07/2024,40.2,3901,
Bihar,26.1733,84.6309,20/10/2024,26.8,4522,
West Bengal,22.9654,89.2033,17/06/2024,102.1,4943,
Assam,27.6169,90.5732,30/10/2024,0,4198,
Gujarat,22.7811,70.0781,08/11/2024,17.9,3419,
Uttar Pradesh,27.3967,81.5668,03/09/2024,83.4,4709,
Kerala,10.2892,76.973,01/10/2024,1.8,3404,
West Bengal,22.7354,89.5787,20/07/2024,69,4203,
Gujarat,21.8671,71.9798,07/09/2024,120.4,3931,
Uttar Pradesh,25.3902,81.5275,12/06/2024,118.3,5085,
Odisha,21.102,85.7694,09/08/2024,17.4,4146,
Bihar,25.8283,84.0641,24/07/2024,29.8,4027,
Maharashtra,18.7451,75.836,07/09/2024,17,3394,
Kerala,10.2136,75.6408,10/07/2024,72.9,4207,
Kerala,11.091,75.7208,16/09/2024,0,3346,
Gujarat,23.7808,69.8838,05/06/2024,8.1,3928,
West Bengal,21.5702,89.3037,14/07/2024,19.7,3967,
Tamil Nadu,10.5157,77.6759,31/08/2024,91.1,4152,
Kerala,10.9684,77.7871,16/06/2024,27.1,4061,
Assam,25.7377,91.1852,05/10/2024,1.2,4064,
Assam,26.3695,90.8405,10/06/2024,8.7,4385,
Assam,26.7856,90.6285,30/09/2024,37.5,4365,
Gujarat,21.4723,72.598,18/10/2024,1.7,3376,
Kerala,10.2628,77.3355,18/11/2024,21.5,3513,
Kerala,10.9859,75.4263,25/07/2024,154.4,5227,
Gujarat,22.5003,70.003,02/09/2024,70.3,4100,
Odisha,20.7083,84.4241,12/08/2024,130.2,4862,
West Bengal,21.3761,87.6409,17/11/2024,24.1,3790,
Karnataka,16.6794,76.5348,19/06/2024,42.7,4058,
Maharashtra,20.6324,74.5194,01/07/2024,0,3355,
Gujarat,23.3244,71.7121,25/10/2024,17.9,3640,
Assam,27.3829,92.1846,14/08/2024,114.8,5632,
West Bengal,22.6319,87.2803,20/09/2024,55.1,3888,
Gujarat,22.7849,70.6128,11/11/2024,0.5,3269,
Uttar Pradesh,25.4548,81.8857,01/07/2024,57.9,4377,
Assam,25.6032,91.9117,25/09/2024,13.5,4230,
Tamil Nadu,11.7609,79.7802,01/08/2024,102.8,4724,
Kerala,8.5314,75.7172,16/07/2024,54,3867,
Bihar,26.2377,86.5029,14/11/2024,38.2,4138,
Karnataka,16.7395,76.5137,07/07/2024,62.7,3904,
Assam,26.6855,90.2984,03/11/2024,11.9,4047,
Tamil Nadu,10.4638,77.9058,12/11/2024,7.3,3116,
Gujarat,22.3802,71.919,18/09/2024,29.9,3611,
Maharashtra,18.6904,75.1112,04/10/2024,0.1,3477,
Uttar Pradesh,26.7925,81.5911,19/07/2024,118.3,5304,
Bihar,27.3342,84.078,18/09/2024,95,5216,
Maharashtra,18.8396,75.1443,18/07/2024,101.8,4056,
Odisha,20.3802,83.2679,03/09/2024,24.9,4462,
Maharashtra,18.2304,75.1877,01/11/2024,0,3244,
Kerala,10.9226,76.5778,13/10/2024,0,3883,
Karnataka,16.473,74.5318,25/08/2024,47.8,4036,
Assam,26.4586,92.9495,11/06/2024,0,4189,
Kerala,10.466,75.2883,23/06/2024,79.3,4002,
Karnataka,14.4812,75.9654,14/10/2024,7.4,3563,
Karnataka,15.5851,74.9313,25/07/2024,80.7,3857,
Assam,26.5314,91.0361,12/10/2024,25.4,4359,
Bihar,25.7107,84.0407,06/11/2024,17.7,4220,
Kerala,8.9743,77.9519,02/07/2024,37.8,3707,
Maharashtra,18.5846,77.1569,07/09/2024,39.8,3834,
Assam,25.2102,90.3329,11/07/2024,169.7,6806,
Karnataka,16.0939,75.7395,07/09/2024,0,3141,
Assam,24.8366,92.7881,04/06/2024,38,4161,
Odisha,20.9114,83.7671,03/06/2024,43.2,3917,
Gujarat,23.1159,71.2055,06/07/2024,27.3,3775,
Uttar Pradesh,26.4381,81.7462,27/06/2024,75.5,4117,
Tamil Nadu,10.9938,79.4782,19/09/2024,99.3,4545,
Bihar,25.234,86.1025,16/08/2024,45.4,4458,
Karnataka,16.7616,75.9472,04/11/2024,2,3325,
Bihar,24.8581,85.8002,17/08/2024,121.6,5528,
Tamil Nadu,10.0578,77.4288,18/08/2024,13.4,3273,
Bihar,24.5744,85.0989,18/06/2024,66.3,4681,
Tamil Nadu,11.8166,79.7903,31/10/2024,15.8,3180,
Bihar,25.0784,84.2503,10/09/2024,85.5,4800,
Gujarat,21.4818,71.11,02/11/2024,50.2,3598,
Assam,26.8692,91.0296,09/06/2024,28.2,4438,
Maharashtra,19.5269,77.1268,22/09/2024,37.3,4112,
Uttar Pradesh,26.5262,80.2783,13/10/2024,10.6,4284,
Maharashtra,20.6839,75.9678,02/09/2024,44.5,4173,
Gujarat,21.05,72.2039,06/09/2024,120.9,4702,
Karnataka,13.9089,74.7527,12/06/2024,75.6,3910,
Odisha,19.508,84.4826,28/07/2024,0,4037,
Assam,26.0469,91.1463,02/06/2024,22.1,4490,
Tamil Nadu,9.7931,77.4877,25/08/2024,38.6,3379,
Gujarat,22.7298,70.1158,19/10/2024,6.5,3170,
Maharashtra,19.9292,75.6611,16/11/2024,0,3471,
Bihar,26.2182,84.1405,06/07/2024,88.7,4155,
Maharashtra,19.6545,75.4765,27/11/2024,16.4,3406,
Assam,25.1281,91.5753,19/10/2024,7.7,4093,
Karnataka,15.1444,75.3692,27/08/2024,104.1,4586,
Assam,25.5481,91.8761,18/10/2024,0,3804,
Gujarat,22.3182,70.4555,16/06/2024,0,3320,
Odisha,19.9511,84.1489,10/09/2024,111.4,4686,
Maharashtra,21.1049,75.7686,04/11/2024,22.1,3720,
Maharashtra,19.8164,74.2735,24/08/2024,24,3623,
Assam,26.9894,91.1385,21/11/2024,10.9,4021,
Assam,25.8186,92.8882,30/06/2024,76.7,5092,
Bihar,24.785,86.2679,10/09/2024,124.8,5572,
West Bengal,23.2765,89.152,01/10/2024,10.4,3996,
Bihar,25.4126,85.8445,09/07/2024,82.9,4742,
Tamil Nadu,12.3469,79.7248,07/06/2024,83,4422,
Odisha,19.8735,85.0427,09/09/2024,38.9,4206,
Uttar Pradesh,26.7579,82.3092,04/06/2024,12.7,3741,
Uttar Pradesh,27.4009,81.1587,06/06/2024,76.8,4170,
Odisha,20.0253,83.7785,27/08/2024,53.7,4426,
Gujarat,21.1674,71.5761,16/10/2024,5.7,3379,
Uttar Pradesh,26.2859,80.565,01/06/2024,19.5,3650,
Kerala,9.8749,76.6001,20/09/2024,107.5,5271,
Gujarat,21.9825,72.0791,28/11/2024,3.5,3299,
Kerala,11.3154,77.4568,24/10/2024,9.9,4013,
Kerala,8.7203,77.4543,13/10/2024,2.6,3503,
Uttar Pradesh,25.4972,80.7564,31/07/2024,87.4,4136,
West Bengal,23.5031,87.5259,24/06/2024,58,4400,
Maharashtra,20.0564,75.528,25/06/2024,46.9,4091,
West Bengal,23.5301,87.6455,05/09/2024,0,3588,
West Bengal,22.0731,88.1725,28/06/2024,103,3978,
Bihar,24.4491,86.0748,27/10/2024,0,4157,
Bihar,26.3869,84.7716,18/08/2024,20.5,4022,
West Bengal,22.9736,87.158,19/10/2024,39.9,3809,
Kerala,9.5378,77.5744,28/10/2024,33.4,3563,
Assam,27.3077,93.1159,11/10/2024,1.8,4083,
Gujarat,22.1388,71.8618,22/10/2024,1.8,3391,
Karnataka,14.8759,75.5098,02/10/2024,11.6,3211,
Karnataka,16.5029,74.5903,16/08/2024,72.6,3586,
Kerala,11.0477,75.718,30/06/2024,25.7,3709,
Kerala,10.7256,76.2427,13/06/2024,66.1,4409,
Gujarat,22.2712,71.9635,06/11/2024,0.9,3156,
West Bengal,21.3771,89.6293,27/08/2024,122.6,5075,
Maharashtra,18.2791,75.0568,13/09/2024,71.3,4578,
Gujarat,21.4199,69.8413,12/08/2024,57.7,4147,
Karnataka,14.7541,76.4264,09/06/2024,0,3397,
Karnataka,16.3658,75.9733,28/07/2024,95,4455,
Assam,27.4992,92.9207,18/06/2024,63.6,4686,
Uttar Pradesh,27.1743,81.3725,22/07/2024,53.8,4180,
Tamil Nadu,12.5978,80.176,22/06/2024,52.3,3810,
Gujarat,20.8787,71.001,22/07/2024,110.7,3945,
Kerala,10.4239,75.9857,21/11/2024,1.6,3427,
West Bengal,23.4606,87.6708,16/09/2024,97,5331,
Tamil Nadu,11.833,79.986,08/09/2024,80.2,3927,
Bihar,26.1091,86.2129,23/10/2024,9.3,3865,
Odisha,21.5889,85.414,17/10/2024,2.4,3645,
Tamil Nadu,11.9362,77.6073,28/07/2024,33.2,3513,
Maharashtra,20.7475,75.7311,09/10/2024,0,3532,
Bihar,27.0189,84.0402,16/10/2024,7.8,3857,
Gujarat,23.2504,69.7466,29/09/2024,0,3270,
Tamil Nadu,10.9338,79.1575,19/09/2024,66.5,4153,
Kerala,11.1375,75.3116,31/08/2024,0,3498,
Gujarat,23.607,72.3089,05/11/2024,37.4,3436,
Bihar,25.3938,85.5845,31/08/2024,38,4348,
Kerala,10.2293,75.7037,01/07/2024,4.5,3606,
Gujarat,22.9621,71.9162,27/09/2024,110.7,4338,
Kerala,8.578,77.5917,09/11/2024,22.2,4246,
Gujarat,23.6778,72.6742,16/10/2024,2.4,3147,
Bihar,27.3395,85.8317,30/07/2024,48.6,4870,
Odisha,19.8977,84.5808,31/07/2024,98.8,4591,
Tamil Nadu,11.2024,79.4548,03/09/2024,78.5,4404,
Odisha,21.4276,83.5009,11/06/2024,71.2,4050,
West Bengal,22.4403,89.1282,06/11/2024,3.2,3576,
Odisha,20.2503,84.4447,11/11/2024,12.1,3952,
Odisha,20.3276,85.6609,27/08/2024,45,4122,
Kerala,10.2246,76.1971,14/11/2024,1.1,3361,
West Bengal,22.2365,87.3313,18/09/2024,82.9,3999,
Gujarat,23.6102,70.1695,21/08/2024,144.4,4851,
Karnataka,15.9339,74.6637,09/06/2024,20.8,3978,
Assam,27.6591,92.6948,31/08/2024,0,3925,
Uttar Pradesh,25.7791,82.0244,02/06/2024,13.6,3982,
Uttar Pradesh,27.3955,80.8263,19/10/2024,26.9,4105,
Assam,27.1657,91.9869,29/09/2024,101.6,5077,
Tamil Nadu,11.0504,79.8172,12/07/2024,65.4,3573,
Karnataka,14.3355,75.6751,11/08/2024,85.9,3646,
Tamil Nadu,10.6508,78.9327,09/06/2024,0,3270,
Maharashtra,20.5187,75.1028,13/06/2024,53.3,4107,
Karnataka,14.667,77.0904,11/07/2024,26.2,3720,
Kerala,9.3664,77.5289,14/08/2024,115.9,4968,
Odisha,21.1501,84.5796,07/06/2024,91.9,4096,
Tamil Nadu,12.4302,78.3131,16/06/2024,27.3,3208,
Assam,25.9748,93.1644,09/07/2024,61.4,4608,
West Bengal,22.6552,89.3597,02/07/2024,3.2,3895,
Assam,25.6524,91.0225,27/08/2024,78.6,4856,
West Bengal,23.5736,87.7666,21/09/2024,79.1,4640,
Assam,25.2905,90.4495,29/07/2024,0,3959,
Maharashtra,20.9077,75.2821,04/10/2024,25.6,3594,
West Bengal,23.8833,89.723,08/06/2024,95.2,3936,
Bihar,24.9708,85.9988,04/07/2024,39.6,4300,
Uttar Pradesh,26.0762,81.377,29/08/2024,49.6,4517,
Uttar Pradesh,27.5581,79.6136,05/11/2024,19.1,3866,
Gujarat,22.7215,71.8559,29/07/2024,28.4,3628,
Karnataka,14.9355,76.1349,09/06/2024,55.5,3928,
Uttar Pradesh,25.643,80.9774,20/07/2024,7.7,3644,
Assam,25.9761,92.8334,11/08/2024,0.8,4065,
Uttar Pradesh,26.8421,80.4985,03/09/2024,31.8,4414,
Gujarat,22.8981,71.2417,17/06/2024,35.2,3544,
Maharashtra,20.0267,75.4005,11/11/2024,2.2,3248,
Gujarat,21.9863,71.0502,27/07/2024,99.1,4377,
Bihar,25.4532,85.9044,12/11/2024,14.7,4010,
Karnataka,14.2156,75.8879,15/08/2024,58.3,3903,
Tamil Nadu,11.6957,79.6201,23/07/2024,96.6,4617,
Gujarat,23.5996,72.5933,26/10/2024,4.9,3634,
West Bengal,22.6689,89.6915,11/07/2024,0,4051,
Tamil Nadu,11.8669,79.9397,10/08/2024,34,3613,
Bihar,24.8256,86.3133,01/07/2024,16.6,4044,
Gujarat,21.9659,70.3337,06/06/2024,0.6,3432,
Uttar Pradesh,26.136,79.9774,14/09/2024,0,3979,
Karnataka,15.3365,77.0815,12/08/2024,17,3388,
Assam,26.7208,92.1645,09/11/2024,9.6,4042,
West Bengal,23.6114,88.6778,06/09/2024,120.1,5270,
Maharashtra,19.9332,76.4586,20/09/2024,65.4,3967,
Tamil Nadu,12.0362,78.5901,04/09/2024,117.9,4411,
Uttar Pradesh,25.5076,81.6317,22/11/2024,0,3615,
Maharashtra,19.2348,74.45,18/08/2024,77.7,3683,
Kerala,10.2837,77.1238,01/09/2024,15.1,3550,
Gujarat,23.57,71.913,29/10/2024,18.3,3644,
Tamil Nadu,10.2021,78.1388,10/07/2024,69.8,3933,
Assam,27.6966,92.6672,29/10/2024,22.6,4170,
Bihar,26.8492,84.0942,26/09/2024,93.4,4760,
Gujarat,21.1161,72.0885,17/07/2024,37.3,3383,
Odisha,19.5621,85.0489,12/10/2024,0,3581,
Uttar Pradesh,25.7777,80.4215,31/10/2024,20.7,4361,
Uttar Pradesh,25.8102,80.518,06/06/2024,51.1,4561,
Maharashtra,18.9673,74.7278,25/10/2024,5.6,3292,
Maharashtra,18.9152,77.0312,30/10/2024,37.6,3546,
Odisha,19.989,84.5441,02/11/2024,13.2,3868,
Bihar,24.9782,84.2649,02/09/2024,27.6,4157,
Maharashtra,18.7665,75.1406,23/06/2024,49.1,3612,
Assam,25.5192,92.4569,05/08/2024,43.9,4148,
Bihar,26.1008,84.5916,09/07/2024,14.3,4232,
Tamil Nadu,10.4519,79.8802,05/09/2024,63.3,3680,
Tamil Nadu,11.9033,80.0367,27/11/2024,19,3448,
Uttar Pradesh,27.0293,80.1206,29/07/2024,24.5,4280,
Odisha,21.8661,84.8963,08/11/2024,25.3,3878,
West Bengal,22.8873,87.6053,10/06/2024,33.3,4127,
Uttar Pradesh,25.6033,81.4351,09/10/2024,16.4,3990,
Odisha,21.0335,86.0636,13/11/2024,7.5,3740,
Kerala,11.3825,76.394,19/11/2024,4.7,3409,
Uttar Pradesh,25.467,80.4762,27/08/2024,109.4,4570,
Odisha,21.2241,83.3192,13/11/2024,30.9,4280,
Tamil Nadu,10.2448,77.9009,30/08/2024,12.9,3641,
Assam,25.4166,90.9294,23/07/2024,0,4065,
Gujarat,23.4005,70.4559,06/11/2024,21.7,3445,
West Bengal,22.0191,89.6206,24/08/2024,2.3,3570,
Bihar,25.0386,84.8398,20/07/2024,31.9,4165,
Assam,26.6212,91.9167,04/07/2024,40.4,4511,
Bihar,25.3398,85.4322,09/08/2024,59.1,4494,
Uttar Pradesh,27.409,81.5776,18/08/2024,84.7,4137,
Maharashtra,18.5725,77.0271,16/06/2024,105.7,4066,
Odisha,21.5922,85.4068,21/07/2024,81.6,4435,
Karnataka,14.0864,76.4173,12/10/2024,6.8,3260,
Kerala,10.3031,76.2422,12/10/2024,13.2,3719,
Gujarat,23.1615,71.9867,21/07/2024,9.1,3472,
Kerala,11.163,77.5252,24/06/2024,42.9,3637,
Gujarat,21.376,72.001,12/11/2024,6.7,3559,
Gujarat,21.7289,72.3179,14/08/2024,61,3795,
Maharashtra,21.1593,76.6365,14/11/2024,0,3567,
Odisha,21.8386,83.6726,21/07/2024,54.7,4743,
Odisha,19.713,84.9394,19/06/2024,77.6,4379,
Kerala,9.5485,75.1706,29/10/2024,8.2,3657,
Gujarat,22.5581,72.5404,27/06/2024,86.9,4385,
Gujarat,21.526,72.6171,17/06/2024,27.8,3455,
Maharashtra,20.5636,74.2307,03/07/2024,63.2,4618,
Gujarat,22.4,72.5781,16/06/2024,22.1,3674,
Assam,27.4708,92.8944,05/06/2024,83.1,4759,
Odisha,20.385,84.1389,08/06/2024,0,3840,
Uttar Pradesh,26.2024,80.4191,15/06/2024,38.3,4420,
Odisha,19.4108,84.0341,11/11/2024,0.2,3474,
Odisha,20.9531,83.3653,15/11/2024,0,3994,
Tamil Nadu,9.9204,79.3522,13/09/2024,28.1,3262,
Odisha,20.8674,84.4576,07/06/2024,111.4,4063,
Gujarat,22.6347,69.7522,16/06/2024,21,3432,
Kerala,8.6828,75.0528,14/11/2024,17.2,3631,
Maharashtra,19.3108,76.497,05/07/2024,85,5177,
Odisha,20.1742,83.7074,10/10/2024,13.5,3849,
Kerala,9.6251,75.8267,19/11/2024,0.2,3897,
Gujarat,22.7971,72.2993,16/06/2024,100.2,3840,
Kerala,10.5451,77.4136,26/10/2024,42.5,3966,
Odisha,21.6097,84.432,05/11/2024,5.8,3550,
Karnataka,15.996,75.2581,02/09/2024,53.9,3997,
Uttar Pradesh,26.7217,79.5163,27/08/2024,63.1,4526,
Bihar,24.9986,83.9718,02/09/2024,133.3,5711,
Bihar,26.5849,84.8157,05/06/2024,63.4,4931,
Assam,26.6516,91.2612,25/11/2024,10.4,3937,
Kerala,10.9606,75.1098,12/11/2024,16.4,3543,
Maharashtra,20.5914,76.702,05/07/2024,70.5,4131,
Tamil Nadu,11.5146,78.7897,04/08/2024,68.1,4318,
Assam,26.1113,93.0593,04/06/2024,94.5,5007,
Maharashtra,21.1588,74.3583,05/11/2024,23.5,3522,
Uttar Pradesh,28.2363,79.9541,26/11/2024,9.1,3931,
Tamil Nadu,11.6506,79.463,30/06/2024,89.6,4559,
Tamil Nadu,12.3836,79.2109,01/10/2024,0,3003,
West Bengal,22.3395,87.3592,09/09/2024,154.1,5678,
Uttar Pradesh,27.7214,79.4394,24/09/2024,39.2,3824,
Gujarat,23.5804,70.8896,18/07/2024,80,3989,
Gujarat,23.0677,72.3215,28/09/2024,58,3716,
West Bengal,21.7892,87.097,30/07/2024,5.6,3550,
Gujarat,22.1722,72.1993,13/11/2024,0,3384,
Maharashtra,19.3359,74.3342,25/11/2024,14.6,3631,
Gujarat,20.9882,72.217,08/06/2024,41.7,3484,
Gujarat,21.8087,71.2979,17/11/2024,0,3418,
Uttar Pradesh,26.0819,81.5665,07/10/2024,7.2,4236,
Karnataka,15.2717,76.0475,14/10/2024,7.2,3164,
Karnataka,15.6842,77.1173,06/09/2024,46.1,3741,
Bihar,24.597,86.0525,07/09/2024,47.3,4146,
Odisha,20.7479,84.0154,18/07/2024,87,4540,
Uttar Pradesh,25.8647,79.6035,29/06/2024,13.5,3631,
Gujarat,21.8083,69.8339,25/07/2024,12.4,3238,
Maharashtra,19.0535,74.8459,01/09/2024,35.4,3929,
West Bengal,23.9477,88.0045,01/08/2024,135.7,4462,
Karnataka,14.6055,75.3528,23/07/2024,3.7,3262,
Kerala,9.2237,77.2271,22/11/2024,0,3680,
Tamil Nadu,12.4514,79.947,19/07/2024,31.5,3965,
Bihar,26.9152,86.107,05/07/2024,134.1,5669,
West Bengal,21.8207,88.5702,06/09/2024,81.1,4791,
Maharashtra,18.6233,74.8927,11/07/2024,74.5,4929,
Gujarat,22.1877,71.1745,16/07/2024,17.8,3487,
Gujarat,21.9006,71.7347,30/06/2024,105.9,4940,
Odisha,22.3018,85.4789,13/07/2024,45.8,4133,
Bihar,24.4717,85.2825,29/08/2024,30.8,3956,
Uttar Pradesh,27.5704,81.6176,30/06/2024,80.9,4248,
Tamil Nadu,11.773,80.0646,02/07/2024,126.3,3849,
West Bengal,22.3518,87.6903,23/10/2024,0,3507,
Uttar Pradesh,27.0641,79.4872,24/07/2024,49.9,4781,
Assam,27.021,91.179,11/10/2024,44.5,4491,
Gujarat,21.2494,69.8756,03/06/2024,107.9,4602,
Assam,25.6118,91.0134,24/08/2024,16.2,4092,
Odisha,21.508,85.402,02/08/2024,39.9,4117,
Bihar,27.308,85.3953,08/08/2024,77.7,4732,
Assam,26.8595,90.5627,05/08/2024,51,4473,
Bihar,26.9421,84.9839,18/11/2024,0,3877,
Gujarat,20.8661,69.7615,20/08/2024,37.2,3633,
Kerala,11.3568,75.7631,15/09/2024,51.7,4406,
Maharashtra,20.9883,75.9513,16/08/2024,0,3430,
Kerala,11.4832,75.4113,13/08/2024,9.7,3441,
Karnataka,13.9956,75.7724,09/08/2024,48.5,3400,
Assam,25.7118,92.5581,15/11/2024,0,3992,
Assam,27.0057,92.4635,12/09/2024,116.4,5378,
Bihar,25.4608,86.1795,15/09/2024,43.1,4210,
Tamil Nadu,9.7757,79.9959,20/11/2024,0,3526,
Assam,25.9121,92.2008,26/09/2024,63.3,4787,
Karnataka,14.6487,76.1609,06/09/2024,85,4793,
Uttar Pradesh,27.2,80.3122,04/08/2024,142.5,5502,
Karnataka,14.3083,76.8365,15/11/2024,6.3,3511,
West Bengal,22.7996,87.1268,10/07/2024,18.4,3847,
Maharashtra,21.0144,76.0283,18/06/2024,88.2,3847,
Maharashtra,20.9803,77.117,30/06/2024,17,3718,
Odisha,22.0253,84.1209,21/06/2024,56,4600,
West Bengal,22.7587,89.1637,08/10/2024,15.9,4116,
Uttar Pradesh,27.2064,82.2757,13/09/2024,27.8,3944,
Maharashtra,19.1356,74.6004,09/10/2024,18.1,3661,
Gujarat,22.8595,71.8315,08/11/2024,6.3,3570,
Gujarat,21.6155,72.3474,21/06/2024,0,3335,
Uttar Pradesh,25.953,80.8423,13/08/2024,112.1,5497,
Maharashtra,20.5842,76.9463,23/11/2024,0,3453,
Maharashtra,18.9216,76.3409,03/08/2024,97.9,4809,
Odisha,19.825,83.8816,19/11/2024,14,3655,
Maharashtra,20.1967,75.0948,27/08/2024,77.8,4284,
Bihar,24.8043,85.7558,19/07/2024,30.8,4621,
Karnataka,15.5314,75.5944,07/06/2024,59,3495,
Assam,25.897,90.6838,07/07/2024,130.5,5720,
Karnataka,14.3267,76.3581,20/06/2024,50.9,3695,
West Bengal,23.1997,87.6005,10/07/2024,0,3589,
Odisha,22.0237,83.2098,13/07/2024,61.1,3950,
West Bengal,22.2641,89.2462,21/10/2024,15.5,3644,
Karnataka,14.545,74.2573,13/06/2024,71.9,4014,
Uttar Pradesh,25.8128,81.8277,03/07/2024,95.8,4949,
Bihar,24.56,86.4661,14/10/2024,8.7,3688,
Bihar,26.7358,84.8558,14/11/2024,35.5,4063,
Odisha,20.8139,83.9463,06/07/2024,10.6,3822,
Bihar,24.521,83.8573,14/07/2024,24,4051,
Assam,26.833,90.2025,14/08/2024,29.5,4160,
Gujarat,23.5184,70.4184,13/07/2024,0,3313,
Karnataka,14.9445,75.959,24/08/2024,105.2,4010,
Kerala,9.098,75.4448,23/09/2024,14.1,3660,
Bihar,25.7977,86.7587,13/08/2024,80.2,4243,
Uttar Pradesh,25.7786,79.4608,03/09/2024,67.7,4636,
Kerala,9.1312,75.6015,23/07/2024,122.2,5257,
Odisha,21.8696,85.3087,28/06/2024,66,4855,
Uttar Pradesh,25.4802,80.4147,03/09/2024,41.5,4319,
Kerala,11.4848,75.8469,02/11/2024,23.8,4343,
Gujarat,23.6248,72.6693,10/07/2024,5.8,3154,
Gujarat,21.5895,70.4627,09/06/2024,23.6,3475,
Kerala,10.416,75.4306,15/11/2024,21.4,3855,
Assam,26.9477,90.2173,04/09/2024,0,3912,
Tamil Nadu,9.9044,77.8613,28/08/2024,23.2,3674,
Tamil Nadu,9.8093,79.3016,07/07/2024,98.7,4359,
Maharashtra,19.5977,76.9548,02/09/2024,38.2,3667,
Odisha,21.0653,86.0429,08/07/2024,115.5,5433,
Tamil Nadu,11.3872,79.3226,26/11/2024,0,3279,
Maharashtra,20.2617,74.5048,09/11/2024,0,3687,
Maharashtra,20.0027,74.2236,07/07/2024,56.2,3952,
Gujarat,23.1769,71.1304,29/08/2024,48.3,3978,
Kerala,9.0124,77.6244,28/06/2024,45.8,4136,
West Bengal,22.0918,87.5471,04/09/2024,49.1,4641,
Maharashtra,20.5413,76.3492,28/11/2024,0,3455,
Tamil Nadu,11.4533,78.3782,17/10/2024,0,3066,
Kerala,10.3798,76.2703,17/06/2024,46,3980,
Odisha,21.1704,85.5402,18/09/2024,56.1,4858,
Bihar,24.7017,86.7872,02/06/2024,49.6,4465,
West Bengal,22.5906,87.2778,22/11/2024,9.2,3956,
Maharashtra,21.1046,74.9858,05/06/2024,66.6,4130,
Bihar,27.1511,86.7537,19/06/2024,35.5,4496,
Assam,27.0668,91.9771,30/08/2024,26.8,4276,
Karnataka,16.5784,76.5553,11/07/2024,46.7,3715,
Bihar,26.8093,86.3767,12/07/2024,0,3894,
Bihar,25.6792,85.3844,27/08/2024,144.5,5311,
West Bengal,24.0776,87.7541,25/06/2024,0,3714,
Assam,25.1488,90.4476,31/08/2024,74,4963,
Bihar,25.4673,84.7967,19/09/2024,137.1,6146,
Assam,27.4322,90.6189,18/06/2024,67.9,5059,
Odisha,21.601,85.3062,19/09/2024,70.8,4278,
Maharashtra,21.1103,74.6885,17/08/2024,110.9,4176,
Odisha,20.1788,83.7254,20/08/2024,34.5,4429,
Gujarat,23.3076,72.0952,19/11/2024,10.1,3549,
Gujarat,22.1996,71.7986,24/09/2024,51.4,3696,
Karnataka,15.7785,75.7133,22/09/2024,109.4,5031,
Bihar,25.1619,85.6492,13/06/2024,43.8,4760,
Tamil Nadu,11.2456,79.8115,07/10/2024,3.8,3279,
Tamil Nadu,11.6181,77.8632,04/09/2024,73.9,4341,
Maharashtra,19.262,74.8211,09/07/2024,83.2,4168,
Kerala,9.6638,75.2653,15/10/2024,11.3,3571,
Uttar Pradesh,27.8096,81.3078,16/06/2024,106,4864,
Maharashtra,19.0231,75.3294,26/10/2024,0,3643,
Kerala,10.6639,77.9149,10/11/2024,0,3510,
Assam,27.4186,92.3451,16/10/2024,0,3808,
Assam,25.8712,92.934,31/10/2024,9.2,4244,
Bihar,26.7433,85.0307,21/07/2024,43.8,4202,
Tamil Nadu,12.2697,78.1327,12/09/2024,61.3,4057,
West Bengal,23.3772,88.0889,06/11/2024,7.1,3750,
Bihar,26.7784,86.4492,15/10/2024,0,3817,
Assam,25.3999,90.3731,11/06/2024,36,4348,
Bihar,25.9517,84.1902,04/09/2024,55.8,4652,
Gujarat,21.3074,72.6961,08/11/2024,0,3703,
Odisha,20.076,84.832,28/07/2024,88.8,4781,
Uttar Pradesh,25.7162,80.2935,30/06/2024,112,5262,
Tamil Nadu,11.28,80.0093,12/06/2024,63.5,4182,
Karnataka,15.4287,74.9542,28/07/2024,52.2,3755,
Gujarat,23.0055,71.9907,26/08/2024,21.2,3398,
Gujarat,22.8927,72.2017,23/09/2024,84.9,4111,
Bihar,25.6736,85.7577,17/07/2024,81.6,4535,
Gujarat,21.4211,72.5902,18/08/2024,79.4,4092,
Tamil Nadu,9.9962,78.9266,25/07/2024,110,4615,
Assam,26.1784,90.6257,30/06/2024,98.8,4627,
Odisha,19.8726,85.3413,01/08/2024,33.6,3825,
Assam,25.0255,91.3181,10/06/2024,78.5,5029,
Kerala,11.442,75.2807,05/07/2024,86.7,5018,
West Bengal,23.9645,87.0042,03/11/2024,8.3,3616,
Uttar Pradesh,27.5659,81.4605,23/09/2024,70.1,4902,
Uttar Pradesh,26.088,81.076,13/09/2024,76.1,4225,
Tamil Nadu,10.3241,79.0929,10/06/2024,32.1,3877,
Kerala,9.7063,76.94,22/09/2024,57.1,3609,
West Bengal,22.9121,87.175,01/11/2024,29.3,4112,
Bihar,26.015,85.7092,28/06/2024,0,3978,
West Bengal,23.2319,87.3864,10/10/2024,0,3839,
Karnataka,16.1198,74.7082,17/09/2024,65.1,3432,
Kerala,9.014,76.3725,11/11/2024,0,3698,
West Bengal,22.4359,89.4836,24/08/2024,53.1,4211,
Tamil Nadu,11.4767,77.4486,15/09/2024,44.3,3493,
Maharashtra,19.812,74.746,25/11/2024,3.7,3750,
Odisha,20.2109,84.388,05/08/2024,101.4,4548,
Karnataka,16.1027,76.0727,30/10/2024,2.2,3380,
Assam,27.6002,91.6697,17/08/2024,127.4,6200,
Gujarat,20.9212,72.627,27/09/2024,0,3448,
Maharashtra,20.7423,75.428,19/09/2024,60.4,3868,
Tamil Nadu,10.6002,77.7546,30/08/2024,20.6,3562,
Tamil Nadu,11.7704,79.5235,28/09/2024,61.3,3891,
West Bengal,23.2199,88.4203,27/06/2024,57.6,4025,
West Bengal,22.4386,86.9795,06/07/2024,37.3,4109,
Tamil Nadu,10.8206,78.6108,23/09/2024,88.4,4833,
West Bengal,23.5561,86.9681,30/10/2024,13.6,3602,
Maharashtra,19.081,75.1275,03/06/2024,143,5356,
Kerala,11.2433,76.5419,30/07/2024,61.5,4681,
Assam,24.7992,91.7522,04/08/2024,13.5,4266,
Uttar Pradesh,25.3677,80.6622,22/08/2024,24.1,4019,
Bihar,25.097,84.4961,12/11/2024,19,4052,
Bihar,26.4183,84.2966,05/06/2024,66.4,4268,
Odisha,19.4207,83.8866,25/09/2024,26.5,3895,
Bihar,26.5732,85.348,04/06/2024,2.2,3820,
Odisha,22.3143,85.4814,21/07/2024,117.6,4805,
Kerala,11.4031,77.9429,03/08/2024,58.9,3952,
Karnataka,14.9777,75.5597,12/07/2024,88.9,4325,
Kerala,9.9663,76.9429,27/07/2024,50.1,4032,
Assam,26.4526,91.5874,14/07/2024,39.7,4978,
Gujarat,21.2909,70.5979,05/08/2024,103.2,3990,
Kerala,10.0905,76.6733,12/11/2024,24.9,3894,
Gujarat,22.8117,70.1235,08/06/2024,52.7,3860,
Gujarat,23.4959,70.9342,22/07/2024,224,5349,
Bihar,25.0081,85.3186,05/11/2024,1,3918,
West Bengal,23.0039,88.2161,28/08/2024,64.9,4350,
Uttar Pradesh,27.118,79.7795,24/09/2024,96.4,5116,
West Bengal,21.6039,88.503,17/11/2024,22.3,3930,
West Bengal,22.2542,89.4236,19/07/2024,0,3743,
Gujarat,21.1923,71.9865,04/06/2024,47.1,3728,
Karnataka,15.5145,76.9048,07/06/2024,34.4,3710,
Karnataka,15.3157,76.9517,04/06/2024,78.2,4415,
Tamil Nadu,12.3446,80.1506,18/11/2024,21.9,3552,
Tamil Nadu,10.4845,80.1481,25/10/2024,0,3298,
Bihar,26.4013,85.3605,31/08/2024,38.3,4019,
West Bengal,22.9334,88.2741,22/08/2024,67.3,3950,
Tamil Nadu,11.658,77.6627,19/08/2024,93.2,4445,
Gujarat,21.8434,69.7169,26/11/2024,15.9,3813,
West Bengal,21.7708,88.5327,02/07/2024,118.4,5499,
Karnataka,15.9644,74.6985,02/11/2024,0,3199,
Maharashtra,20.5266,75.2912,16/06/2024,43.8,3701,
Karnataka,14.0854,77.1563,08/08/2024,64.1,4257,
Odisha,21.0261,85.5704,26/11/2024,0,3607,
Kerala,9.2396,76.5641,28/08/2024,71.9,4350,
West Bengal,21.9402,89.7962,26/06/2024,44,4152,
Gujarat,23.0476,70.3122,08/11/2024,29.5,3967,
Maharashtra,20.2536,74.388,16/11/2024,3.8,3359,
Kerala,11.2488,77.5836,28/09/2024,0,3467,
Odisha,19.5581,85.1872,03/09/2024,119.8,5498,
Bihar,26.4127,85.983,14/06/2024,17.8,4262,
Kerala,11.4609,76.2149,17/09/2024,26.3,3975,
West Bengal,23.3018,88.8225,24/06/2024,0,3901,
Bihar,24.4042,86.329,20/06/2024,54.9,4857,
Karnataka,15.753,75.3904,08/07/2024,12.2,3468,
Karnataka,14.7649,75.0032,03/11/2024,18.8,3680,
Karnataka,14.1545,75.144,09/07/2024,0,3205,
Gujarat,20.8643,71.8742,22/10/2024,2,3346,
Tamil Nadu,10.008,77.2831,11/06/2024,31.7,3463,
Assam,24.8099,91.8242,19/07/2024,72.5,4523,
West Bengal,21.6465,88.2022,23/09/2024,43.8,3955,
Kerala,9.1654,77.996,01/11/2024,2.7,3584,
Tamil Nadu,10.7753,77.3272,03/06/2024,10.9,3335,
West Bengal,21.2907,89.6075,22/09/2024,74.9,4122,
Odisha,21.9415,83.5776,10/08/2024,72.5,4227,
Assam,26.8171,91.3054,02/09/2024,7.9,3881,
Odisha,21.4778,85.7358,09/08/2024,92.1,5131,
Kerala,9.5225,76.7396,20/07/2024,65.5,3881,
Assam,25.104,92.0254,18/11/2024,31,4376,
Maharashtra,20.2823,75.0149,24/07/2024,54.6,3953,
Gujarat,22.8239,72.204,06/08/2024,35,3759,
Karnataka,13.9491,75.3055,19/10/2024,22.7,3623,
Assam,24.8756,91.9483,18/11/2024,37.3,4302,
Tamil Nadu,11.5866,79.0045,05/10/2024,0,3095,
Tamil Nadu,12.5409,79.4292,08/11/2024,0,3494,
Uttar Pradesh,27.037,80.0179,05/06/2024,51.4,4692,
Bihar,24.6355,84.6452,28/09/2024,131.9,4837,
Karnataka,16.3004,76.2993,21/06/2024,34.8,3625,
Odisha,22.2528,85.2685,20/10/2024,39.1,3986,
Gujarat,22.8395,70.2931,05/06/2024,63.1,3631,
Uttar Pradesh,27.254,80.6533,11/08/2024,10.8,3895,
West Bengal,21.2942,88.6681,08/09/2024,44.8,3676,
Kerala,10.3918,76.4321,17/07/2024,71.4,4090,
Gujarat,22.732,70.856,22/11/2024,6.1,3348,
Bihar,24.8666,84.0591,20/11/2024,0.2,4239,
Maharashtra,18.7319,75.247,13/10/2024,16.4,3700,
Maharashtra,20.2416,76.0352,04/08/2024,87.9,4855,
Karnataka,14.7765,75.1202,28/06/2024,49.6,3916,
Maharashtra,19.1731,76.6293,16/06/2024,59.8,4027,
West Bengal,21.4458,88.8778,06/11/2024,2.2,3747,
Uttar Pradesh,26.1139,80.1007,19/08/2024,67.2,4927,
Tamil Nadu,10.404,77.3555,12/08/2024,78.3,4006,
Karnataka,16.1434,75.0553,20/10/2024,26.7,3311,
Bihar,25.3982,85.2852,25/07/2024,58.6,4259,
Gujarat,22.2028,72.0858,23/06/2024,124.8,4053,
Gujarat,23.6606,71.6623,18/08/2024,39.9,3925,
Kerala,9.7377,75.3153,28/10/2024,5.1,3342,
Kerala,10.5609,77.9599,18/09/2024,81.2,4566,
Odisha,20.2679,84.9511,11/07/2024,108.6,5342,
Odisha,20.7172,84.9012,30/06/2024,0,3949,
Uttar Pradesh,25.9808,80.0117,11/09/2024,44.1,4127,
Assam,24.7223,92.8214,18/10/2024,0,4238,
Bihar,26.1212,84.0671,01/09/2024,11.7,3927,
West Bengal,23.5682,89.7821,16/10/2024,5.5,3566,
Odisha,20.5652,84.7681,03/07/2024,49,4011,
Kerala,10.189,77.8775,01/07/2024,65.4,4166,
Odisha,19.5507,85.8556,10/11/2024,40.5,4367,
Gujarat,21.9646,72.1293,15/06/2024,33.3,3703,
Gujarat,23.6421,69.7589,02/08/2024,3.3,3548,
West Bengal,21.8569,88.9381,19/07/2024,86.5,4498,
Assam,25.6454,90.461,04/07/2024,21.1,3943,
Maharashtra,18.4343,76.6428,17/07/2024,48.3,3797,
Uttar Pradesh,26.1347,82.1147,18/08/2024,88.1,4180,
Gujarat,21.7287,71.5627,29/08/2024,74.1,3726,
Maharashtra,20.2259,75.1876,08/11/2024,27.1,3612,
West Bengal,21.416,89.648,27/07/2024,122.8,5465,
Tamil Nadu,10.1031,77.6812,19/06/2024,47.2,3841,
Bihar,25.9837,85.447,10/10/2024,24.5,4203,
Karnataka,15.2623,76.5464,20/08/2024,0,3311,
Maharashtra,18.9423,75.7409,27/11/2024,15.9,3428,
Assam,26.478,92.291,04/08/2024,33.9,4338,
Gujarat,22.567,72.4066,04/11/2024,9.6,3168,
Maharashtra,18.9039,74.3946,06/06/2024,114.5,4345,
Tamil Nadu,11.1006,80.1452,11/08/2024,110.1,4094,
Tamil Nadu,10.8568,78.0656,06/09/2024,73.2,3990,
Odisha,21.1569,84.7889,12/10/2024,26.9,4005,
Gujarat,23.5116,72.5799,01/06/2024,96.8,4028,
Assam,26.5458,90.6333,31/10/2024,6.4,4495,
Odisha,21.791,84.8048,06/09/2024,48.8,4202,
Odisha,20.7471,84.687,06/07/2024,20.7,4386,
Tamil Nadu,11.6082,77.7265,08/11/2024,13.6,3818,
Bihar,25.785,84.8351,20/08/2024,95,4260,
Tamil Nadu,10.9535,78.7474,03/09/2024,122.6,3961,
Bihar,24.8207,85.2014,08/06/2024,53.4,4037,
Kerala,8.7643,75.4423,18/07/2024,16.6,3836,
Maharashtra,20.3769,76.0734,08/07/2024,15.4,3476,
Bihar,27.3086,85.196,30/09/2024,17.1,3885,
Bihar,25.5481,86.2287,20/11/2024,0,3986,
Maharashtra,18.8395,74.2518,21/08/2024,75.9,4269,
West Bengal,23.7853,88.9736,06/09/2024,52.2,4316,
Assam,26.8053,91.8231,25/08/2024,32.7,4038,
Uttar Pradesh,25.3003,80.3672,25/08/2024,113.2,4640,
Assam,27.3805,92.8846,17/06/2024,146.8,4843,
Gujarat,23.4683,71.9972,23/08/2024,48.3,4234,
Maharashtra,20.8622,74.476,06/11/2024,29.9,3436,
Odisha,19.4688,84.1826,28/10/2024,35.5,4492,
Bihar,27.1513,86.5081,24/07/2024,0,3665,
Karnataka,14.6323,76.2329,11/11/2024,9.1,3390,
Odisha,19.5194,84.6021,04/10/2024,19.6,3838,
Uttar Pradesh,25.4663,82.2983,12/11/2024,4.7,3883,
Uttar Pradesh,25.9731,80.174,21/06/2024,69.4,4273,
Tamil Nadu,10.8927,79.4076,08/08/2024,0,3546,
Odisha,20.8047,85.2517,08/07/2024,87.8,4223,
Kerala,9.8156,75.4085,30/10/2024,0,3605,
Tamil Nadu,12.1072,77.4365,04/09/2024,17.9,3369,
Assam,26.2255,92.8855,28/06/2024,105,5087,
Assam,27.0079,91.8502,03/09/2024,81.8,4511,
Kerala,9.5161,76.6195,18/11/2024,11.1,3753,
Tamil Nadu,9.6136,79.345,12/10/2024,7.6,3234,
Maharashtra,21.1595,74.6158,04/10/2024,29.4,3668,
Tamil Nadu,9.7744,78.1317,30/06/2024,131.1,4284,
Assam,27.4422,91.3053,04/08/2024,111.1,5408,
Uttar Pradesh,26.1728,80.8572,16/07/2024,120.4,5433,
Kerala,9.709,77.6478,20/07/2024,42.7,4277,
Tamil Nadu,10.6655,78.8058,03/11/2024,13.8,3616,
West Bengal,23.8125,87.5897,19/09/2024,106.8,4897,
Maharashtra,20.3552,74.5072,01/11/2024,33.3,3410,
Tamil Nadu,10.4932,80.0952,11/07/2024,63.4,4124,
West Bengal,22.1754,89.899,19/07/2024,9.5,3629,
Kerala,9.0047,76.7059,09/09/2024,89.4,4178,
West Bengal,23.9742,88.2432,24/10/2024,0,3713,
Uttar Pradesh,25.7334,79.4549,17/10/2024,0,3860,
Maharashtra,20.8512,74.2255,24/10/2024,12.8,3425,
Karnataka,16.2777,74.679,04/09/2024,0,3083,
Maharashtra,20.6813,76.45,16/09/2024,75.1,4186,
Bihar,25.8307,86.6777,07/08/2024,43.6,3975,
Uttar Pradesh,28.233,81.4764,06/07/2024,6,4145,
Bihar,27.3405,84.1906,29/06/2024,20.7,4070,
Maharashtra,18.4879,76.844,30/10/2024,10.6,3381,
Uttar Pradesh,25.4976,82.2363,04/09/2024,83.7,4928,
Karnataka,16.7591,77.0788,26/11/2024,6.9,3812,
West Bengal,22.0194,88.2395,03/07/2024,7.2,3586,
Odisha,22.225,83.5751,30/09/2024,36.9,3739,
Maharashtra,20.8777,75.8141,20/09/2024,119.7,4932,
Maharashtra,18.951,75.0724,09/08/2024,67.2,4391,
Maharashtra,21.0932,74.532,19/07/2024,60,3995,
Assam,27.3601,90.9485,23/06/2024,14.2,4162,
Bihar,27.0068,86.0172,24/06/2024,82.7,4403,
West Bengal,23.8444,89.3229,18/07/2024,1,3433,
Uttar Pradesh,26.4874,80.4064,14/10/2024,2.5,3594,
Uttar Pradesh,26.5554,81.0635,13/08/2024,109.4,5486,
Uttar Pradesh,27.072,81.5318,28/06/2024,60.8,4791,
Maharashtra,19.8288,75.87,25/07/2024,73,4224,
Assam,25.7889,92.0771,22/10/2024,15.1,4261,
Kerala,9.449,77.5811,12/10/2024,40.9,4082,
Karnataka,14.0898,75.8669,26/08/2024,77.9,3893,
West Bengal,22.7738,89.6416,20/10/2024,28.5,4155,
West Bengal,21.8262,87.5056,29/07/2024,10.9,3779,
Uttar Pradesh,26.2626,82.3533,12/11/2024,42.7,4079,
Kerala,9.8479,75.8641,01/09/2024,170.1,4283,
Kerala,10.6544,76.6862,19/10/2024,0,3609,
Karnataka,15.3861,74.8711,28/08/2024,90.2,3636,
Uttar Pradesh,28.0274,81.6405,03/08/2024,65.5,4289,
West Bengal,22.618,88.2166,07/10/2024,8.6,4000,
Maharashtra,19.5742,74.2136,31/08/2024,114.7,4870,
Karnataka,16.734,76.5148,24/06/2024,0,3180,
Assam,25.4845,93.0821,26/09/2024,96.6,5367,
Assam,24.7608,90.6441,06/08/2024,31.9,4647,
Uttar Pradesh,26.8806,81.2435,30/09/2024,91.4,5292,
West Bengal,23.6287,87.997,25/07/2024,91.1,3994,
Odisha,20.7402,85.7691,07/10/2024,7.7,3756,
Karnataka,15.4529,75.252,23/09/2024,48.2,3509,
Gujarat,21.0006,72.5592,16/09/2024,95.1,3791,
Kerala,8.6043,77.7224,23/08/2024,42.8,4559,
Kerala,9.8965,77.0742,08/11/2024,23.4,4310,
Bihar,27.3301,85.7438,17/09/2024,58.5,4153,
Odisha,21.2749,84.4797,17/08/2024,65.4,5106,
Odisha,21.7749,85.6051,19/08/2024,80.7,4372,
West Bengal,21.6606,87.0878,24/08/2024,14.1,3749,
Odisha,19.7184,84.3831,25/07/2024,29.3,4379,
Maharashtra,21.1175,74.4345,19/06/2024,50.3,4195,
Bihar,26.3724,86.4096,19/09/2024,64.1,4538,
Tamil Nadu,11.3917,78.6484,10/06/2024,40.1,3303,
Maharashtra,20.7986,76.1748,25/07/2024,67.1,4222,
Bihar,26.6312,85.4316,13/06/2024,16.3,4338,
Odisha,20.7929,83.7009,07/09/2024,39.6,4605,
Karnataka,14.8863,74.9509,02/07/2024,43.8,3815,
Assam,25.4743,92.8668,31/07/2024,87.6,4627,
Gujarat,21.8039,71.2026,03/10/2024,0.3,3338,
Uttar Pradesh,26.3294,81.3069,17/10/2024,13.1,3876,
Uttar Pradesh,25.6449,80.3669,14/11/2024,37,4020,
Uttar Pradesh,27.2743,81.7809,10/07/2024,60.1,4064,
Kerala,9.0304,76.3459,01/10/2024,15.1,3989,
Kerala,10.8715,75.6507,15/10/2024,0,3818,
Gujarat,23.127,71.2237,28/06/2024,42.6,3735,
Assam,26.131,91.5205,17/10/2024,10.3,4289,
West Bengal,22.9556,87.3416,08/10/2024,0,3533,
Uttar Pradesh,28.2488,80.1108,03/09/2024,0,3654,
Bihar,25.9139,86.3064,10/07/2024,24.8,4022,
Tamil Nadu,10.1581,77.7946,22/07/2024,85.3,4508,
Assam,25.5057,90.7716,10/10/2024,25.8,3999,
Tamil Nadu,11.8523,79.0057,25/09/2024,80.9,4656,
Gujarat,21.8113,70.7191,13/08/2024,114.5,4645,
Karnataka,15.048,75.0606,11/07/2024,51,4237,
Tamil Nadu,12.0952,78.8225,09/07/2024,95.1,4177,
West Bengal,23.5275,88.6846,08/10/2024,0,3523,
Bihar,24.6539,86.7246,25/11/2024,1.1,4114,
Assam,26.147,90.5643,09/09/2024,32.2,4441,
Odisha,21.31,85.7123,19/07/2024,52,4226,
Bihar,24.4629,83.8409,22/09/2024,43.3,4310,
Maharashtra,19.8162,75.6038,18/09/2024,35.1,3546,
Maharashtra,18.7019,75.8852,25/09/2024,51.9,3954,
Kerala,10.4064,76.9627,21/07/2024,113,4780,
Gujarat,22.7078,72.6621,04/07/2024,91.2,4524,
Tamil Nadu,12.1503,79.9112,07/06/2024,15,3300,
Assam,25.0315,90.5195,09/09/2024,87.4,5761,
Bihar,26.0067,85.6944,08/09/2024,81.9,4527,
Tamil Nadu,11.8707,77.6895,19/10/2024,0,3550,
Kerala,9.9121,77.7473,26/08/2024,59.7,3982,
Maharashtra,20.8241,75.8309,07/08/2024,96.7,4386,
Gujarat,22.6666,69.9379,15/06/2024,18.6,3449,
Karnataka,15.0891,75.3174,01/11/2024,11.7,3356,
Bihar,26.1931,83.8481,02/10/2024,4,3656,
Maharashtra,20.3804,74.6764,20/08/2024,0,3311,
Karnataka,16.1312,75.2741,03/10/2024,18,3688,
Bihar,24.4455,86.1219,10/10/2024,16.1,4017,
Karnataka,15.4679,74.4626,27/11/2024,23.4,3785,
Karnataka,16.1031,75.4212,22/06/2024,31.8,3884,
Kerala,10.9121,75.4082,12/10/2024,0,3395,
Assam,26.266,91.2886,08/11/2024,16.9,4550,
Bihar,24.8171,84.9269,01/09/2024,80.9,4424,
Odisha,22.3509,85.4909,14/07/2024,52,4308,
Uttar Pradesh,26.4382,81.5143,21/10/2024,31.1,4287,
Gujarat,22.1071,72.1347,04/09/2024,33.4,3884,
Uttar Pradesh,27.5859,81.454,15/07/2024,116.4,4509,
Maharashtra,18.5786,76.9686,15/06/2024,40,3740,
Gujarat,21.6987,72.1832,18/11/2024,30.3,3607,
Assam,25.4395,90.5606,29/08/2024,71.7,4354,
West Bengal,23.5357,89.4831,25/07/2024,105.5,4759,
Tamil Nadu,11.0076,79.8711,09/08/2024,52.7,3609,
Bihar,24.6354,86.5816,29/08/2024,5.7,4080,
Tamil Nadu,11.5264,79.6558,25/10/2024,0,3436,
Maharashtra,19.1795,76.8773,20/07/2024,99.5,4153,
Maharashtra,19.1411,76.8672,15/10/2024,18.7,3781,
Assam,26.2576,92.6528,19/06/2024,11.6,4238,
Tamil Nadu,10.0262,77.328,26/08/2024,67,3599,
Odisha,20.8621,85.6064,28/11/2024,17.6,3851,
Bihar,26.7279,86.2746,01/08/2024,119,4690,
Assam,24.8418,92.4685,19/10/2024,0,3901,
Uttar Pradesh,25.8487,81.4675,24/06/2024,41.5,4061,
Tamil Nadu,10.7803,80.1587,15/06/2024,179.6,5129,
West Bengal,22.0528,88.1753,07/07/2024,77.4,4245,
Karnataka,15.1396,74.6447,30/09/2024,36,3662,
Kerala,9.5021,77.8881,17/08/2024,38.9,3799,
West Bengal,22.5677,89.708,05/09/2024,73.3,4177,
Tamil Nadu,11.811,79.9568,16/07/2024,31.6,3440,
Karnataka,14.8787,75.3109,27/08/2024,115.4,4091,
Kerala,10.2084,77.1257,25/07/2024,5.5,3642,
Uttar Pradesh,27.8237,81.3879,19/11/2024,0,3775,
Uttar Pradesh,25.6294,80.8967,08/07/2024,43.9,4117,
Maharashtra,20.5353,76.7585,09/08/2024,29.2,3875,
Odisha,20.6468,84.1155,31/07/2024,77.2,5061,
Odisha,19.8153,85.1051,15/06/2024,34.9,3999,
Kerala,10.7664,77.6992,19/11/2024,12.6,3450,
Karnataka,15.136,74.4318,22/09/2024,16.9,3603,
Odisha,21.0199,84.1982,09/06/2024,112.8,5035,
Bihar,25.2728,83.9634,24/07/2024,0,3912,
Bihar,25.3405,84.4714,24/10/2024,5,3937,
Kerala,9.2986,76.3092,21/10/2024,0,3538,
Kerala,10.6099,76.5859,09/08/2024,49.5,3759,
Gujarat,22.1506,70.6937,13/10/2024,3.3,3279,
Uttar Pradesh,27.7183,80.8862,12/09/2024,63.5,4338,
Odisha,20.2493,85.8118,11/08/2024,73,4881,
Tamil Nadu,9.6971,77.4201,30/06/2024,45.1,3876,
Tamil Nadu,12.4674,79.763,11/10/2024,12,3580,
West Bengal,23.6439,88.638,26/08/2024,71.8,4089,
Tamil Nadu,12.2233,78.1837,28/11/2024,0,3461,
Maharashtra,20.7835,76.7365,08/08/2024,31.9,3708,
Gujarat,21.2082,70.489,20/07/2024,54.1,4395,
Karnataka,16.594,75.8367,08/10/2024,0,3306,
Uttar Pradesh,27.472,79.7385,16/09/2024,54.7,4621,
Bihar,24.8273,86.2301,28/06/2024,127.2,4772,
Bihar,25.3596,84.7648,02/11/2024,33.8,4455,
Uttar Pradesh,27.7835,81.9481,26/06/2024,82.3,4646,
Assam,27.0869,92.038,04/07/2024,0,4351,
Assam,27.3433,91.1548,13/07/2024,52.9,4873,
Karnataka,14.8214,74.5703,18/10/2024,0,3423,
Odisha,20.7171,83.8832,15/07/2024,0,3585,
Gujarat,23.6453,70.8779,21/06/2024,23.9,3406,
Tamil Nadu,11.7876,77.8614,20/06/2024,0,3067,
Maharashtra,18.3563,76.9694,31/08/2024,94.6,5062,
Bihar,26.5044,85.6119,01/07/2024,152.9,5053,
Gujarat,23.1547,72.1556,25/08/2024,69.7,4568,
Bihar,26.3553,85.9199,07/08/2024,59.9,4937,
Maharashtra,20.6806,74.8322,09/11/2024,11.9,3989,
Assam,26.1601,92.602,21/10/2024,23.9,4236,
Gujarat,23.1803,71.3045,18/09/2024,97.7,4757,
Uttar Pradesh,26.8086,81.1531,09/06/2024,68.6,4063,
Maharashtra,18.479,74.7589,06/08/2024,80.7,4469,
Odisha,21.7633,85.0389,14/06/2024,40.9,4050,
Odisha,20.2574,84.3324,25/10/2024,35.1,4274,
Karnataka,13.8526,75.9507,29/07/2024,20.6,3484,
Kerala,11.4826,76.7366,11/08/2024,17.6,3674,
Bihar,24.4049,84.9459,04/07/2024,5.8,3711,
Maharashtra,18.4913,74.9679,12/09/2024,70.9,4268,
West Bengal,22.1438,88.0223,02/06/2024,37.6,3795,
Odisha,21.7352,85.5199,05/09/2024,40.4,3836,
Odisha,20.6489,84.0169,18/08/2024,44.4,3817,
Odisha,19.8189,84.5157,27/07/2024,71.6,4018,
Bihar,25.789,85.8436,02/07/2024,80.2,5046,
Uttar Pradesh,27.3275,81.2724,04/08/2024,31.7,3986,
Assam,27.2462,92.735,08/11/2024,0,4518,
Gujarat,23.2808,72.4222,27/09/2024,0.8,3367,
Tamil Nadu,11.035,78.7211,04/10/2024,21.3,3219,
West Bengal,21.9248,87.7861,15/11/2024,22.4,3558,
Gujarat,22.601,70.9805,27/09/2024,69.4,3667,
Tamil Nadu,12.1462,78.126,14/06/2024,40.4,4024,
Uttar Pradesh,28.1644,80.4353,15/10/2024,0,3606,
Assam,26.8617,90.2127,16/08/2024,21.1,4109,
West Bengal,21.3396,89.7408,29/08/2024,130.3,5132,
Gujarat,20.8465,72.4164,10/09/2024,18.3,3387,
Bihar,25.5916,84.926,21/07/2024,97.8,4813,
Assam,26.2159,90.2073,12/07/2024,49.9,4924,
West Bengal,21.7129,88.4456,26/09/2024,73.7,4692,
Kerala,10.0667,76.7132,27/06/2024,63.2,4154,
Gujarat,23.3449,71.4125,21/07/2024,66,3998,
Karnataka,14.2597,74.2602,04/07/2024,111.1,4081,
West Bengal,22.4887,87.0449,03/07/2024,24.2,3649,
West Bengal,23.0629,89.1994,18/10/2024,0,3647,
Gujarat,21.1773,71.1167,24/08/2024,86.7,4120,
Maharashtra,20.4465,77.0076,12/10/2024,14.4,3298,
Assam,25.6062,92.2743,08/06/2024,81.1,4981,
Karnataka,14.9522,76.8045,11/06/2024,3.5,3286,
Tamil Nadu,11.0558,78.4814,19/10/2024,35.9,3348,
Tamil Nadu,11.3268,78.0134,28/08/2024,0,3343,
Bihar,26.4516,84.1567,03/10/2024,0,3732,
Kerala,11.1707,75.592,16/08/2024,116.3,4102,
Maharashtra,19.6939,75.0716,25/09/2024,67.7,4084,
Karnataka,15.292,75.2865,05/09/2024,75.1,4036,
Tamil Nadu,12.5649,78.0704,24/10/2024,8.6,3587,
Uttar Pradesh,26.3692,80.0327,15/11/2024,6.4,3937,
Bihar,25.8089,86.0491,27/06/2024,29.3,4100,
Maharashtra,20.8846,75.5354,07/11/2024,0,3335,
Assam,25.9564,92.228,25/06/2024,0,4215,
Bihar,27.0331,85.6498,26/07/2024,113.8,4600,
Kerala,10.954,75.0758,27/08/2024,44.1,4183,
West Bengal,22.3839,87.1971,05/07/2024,100.8,5092,
West Bengal,22.8186,87.4647,09/11/2024,38.9,4225,
Maharashtra,19.7847,76.3426,26/11/2024,8.2,3395,
Uttar Pradesh,27.9942,81.809,03/09/2024,0,3796,
Uttar Pradesh,26.8696,79.9231,31/07/2024,106.7,4534,
West Bengal,22.2029,86.9564,10/10/2024,10,3964,
Assam,24.8982,91.0992,01/10/2024,26.3,4116,
Odisha,21.427,84.548,19/11/2024,0.5,3582,
Kerala,10.7088,77.8627,26/06/2024,118,5029,
Assam,26.5964,92.3157,21/06/2024,106.2,5030,
Karnataka,15.8902,76.047,25/06/2024,130,4857,
Odisha,20.8538,84.2295,29/09/2024,40.2,4161,
Bihar,24.6357,86.3966,11/06/2024,31.8,4651,
West Bengal,22.0919,87.9591,07/11/2024,32.3,4296,
Bihar,26.9288,85.1359,20/06/2024,98.7,4983,
Maharashtra,20.2222,74.8289,06/07/2024,34.1,4411,
Karnataka,13.8719,76.4255,11/09/2024,121.3,4150,
Odisha,20.9306,85.4395,03/10/2024,4.6,3480,
Odisha,21.4565,84.7873,02/08/2024,61.2,3868,
Tamil Nadu,10.9818,78.2393,09/10/2024,0,3296,
Tamil Nadu,10.736,79.7412,08/08/2024,0,3140,
Bihar,27.3715,86.796,16/09/2024,28.3,4206,
Uttar Pradesh,27.5081,79.6857,02/06/2024,105.8,4352,
Odisha,21.5051,83.4366,08/08/2024,61.9,3924,
Assam,24.9833,92.5421,21/07/2024,43.8,4202,
Assam,27.1065,90.3926,19/11/2024,31.5,4459,
Odisha,21.5903,83.7777,10/09/2024,97.7,4766,
Tamil Nadu,9.7632,77.8581,14/06/2024,45.8,3755,
Uttar Pradesh,27.5761,81.635,05/09/2024,109.3,4510,
Maharashtra,20.375,74.3801,03/06/2024,68,4522,
Tamil Nadu,10.78,77.9426,01/08/2024,121.6,4325,
Assam,26.4202,91.2451,10/07/2024,67.6,5505,
Karnataka,14.1238,74.7577,13/07/2024,136.1,4512,
Gujarat,22.3488,70.0488,13/10/2024,0,3450,
Karnataka,14.6992,77.0823,06/06/2024,70.6,4758,
West Bengal,21.9764,87.4313,18/09/2024,58.4,4000,
Maharashtra,20.8431,75.9243,22/07/2024,110.7,4776,
Assam,27.0735,93.1105,31/10/2024,2.1,4501,
Bihar,27.1336,85.5017,30/07/2024,166.7,4986,
Odisha,22.0325,84.4758,25/11/2024,20.7,3793,
Uttar Pradesh,28.131,81.6377,27/06/2024,54.9,4159,
Tamil Nadu,10.3059,77.8479,22/08/2024,23.3,3474,
Odisha,20.2939,86.0483,01/06/2024,102.3,4223,
West Bengal,23.3621,88.2478,07/10/2024,25.7,4090,
Kerala,10.7529,75.1186,16/08/2024,70.5,4135,
Maharashtra,19.1218,76.9585,25/11/2024,0,3462,
Kerala,8.6521,76.4771,23/08/2024,81.4,4380,
Assam,24.8502,91.2269,03/09/2024,78.4,5026,
Tamil Nadu,12.5844,79.5407,22/08/2024,11.3,3422,
Kerala,10.3686,76.7117,02/10/2024,23.2,3952,
Bihar,26.5029,85.4546,23/07/2024,39.8,4351,
Kerala,10.2902,76.5202,27/10/2024,11.9,3471,
Maharashtra,20.5149,76.7576,14/08/2024,0,3344,
Odisha,21.4128,84.4043,21/09/2024,45.1,4513,
Assam,24.8326,91.2112,10/09/2024,105.3,6035,
Bihar,24.6952,86.2047,13/06/2024,0,3766,
Karnataka,15.6283,76.6091,08/07/2024,62.3,3591,
Odisha,21.0494,84.96,27/07/2024,19,4159,
Gujarat,21.3752,71.6939,22/06/2024,73.1,4044,
West Bengal,22.102,88.5697,03/11/2024,4.9,4028,
Gujarat,21.6824,70.9875,08/06/2024,0,3315,
Gujarat,23.6873,72.3424,11/07/2024,110.1,4278,
Maharashtra,18.4461,75.7595,22/10/2024,0,3279,
Karnataka,14.136,76.3595,08/10/2024,0,3360,
Maharashtra,18.2679,76.0506,02/08/2024,21.2,3871,
Bihar,25.1296,85.0571,08/06/2024,94.9,4479,
Tamil Nadu,11.1321,79.8818,25/07/2024,151.9,3957,
Karnataka,16.1267,76.7022,10/11/2024,16,3366,
Odisha,19.946,85.2433,07/11/2024,0,3465,
West Bengal,23.4167,87.2021,06/07/2024,0,3589,
Assam,27.1972,90.3633,02/10/2024,0.1,4050,
Uttar Pradesh,26.2943,81.9187,10/08/2024,91.1,4902,
Karnataka,14.0466,76.2697,07/06/2024,78.1,3951,
Odisha,20.5681,85.5954,29/10/2024,28.6,3865,
Maharashtra,18.9312,75.2093,04/07/2024,122.3,5326,
Tamil Nadu,11.9604,77.551,14/07/2024,56.4,3740,
Assam,25.0282,92.8163,30/08/2024,112.2,5562,
Gujarat,23.4709,72.3687,27/09/2024,72.5,4040,
Maharashtra,20.5677,74.4264,15/08/2024,32.5,3801,
Assam,26.5601,90.2149,28/09/2024,132.5,6073,
Tamil Nadu,9.9112,77.7806,23/06/2024,0,3124,
Odisha,19.4828,84.9345,14/10/2024,0,3715,
Maharashtra,19.6622,76.2448,19/10/2024,0,3371,
West Bengal,22.3069,88.4635,09/06/2024,60.5,4080,
Tamil Nadu,11.8373,78.2058,15/11/2024,32.6,3674,
Assam,25.3544,92.1783,03/09/2024,0,4003,
West Bengal,23.7154,86.9898,06/07/2024,22.7,3877,
Odisha,19.754,84.9035,13/07/2024,0,3548,
Kerala,9.4474,76.165,31/10/2024,0,3448,
Odisha,22.0817,85.3615,27/07/2024,91.1,5314,
Odisha,19.4612,86.071,01/09/2024,32.3,3736,
Maharashtra,20.3383,76.693,29/08/2024,27.6,4015,
Gujarat,21.5746,71.3267,24/08/2024,25.9,3254,
Bihar,25.2136,85.5757,02/10/2024,23.5,4616,
Karnataka,15.5826,76.4687,06/09/2024,64.1,3713,
Bihar,25.3953,85.4898,10/08/2024,37.3,4376,
Uttar Pradesh,26.145,82.0139,19/06/2024,5.1,3700,
Uttar Pradesh,27.3321,79.5509,15/10/2024,6.7,3851,
Gujarat,21.3326,69.7371,05/07/2024,77.7,3965,
Uttar Pradesh,27.4778,81.147,29/09/2024,44.8,4551,
Uttar Pradesh,26.254,80.4258,29/10/2024,17,3874,
Karnataka,13.8858,76.5558,23/10/2024,9.1,3543,
Tamil Nadu,11.3772,78.7191,05/07/2024,96.8,4422,
Odisha,21.7244,83.5652,23/09/2024,51.8,3957,
Assam,27.3408,93.0558,30/08/2024,135.7,5772,
Gujarat,21.6247,72.4385,05/07/2024,98.4,4318,
Gujarat,21.8429,70.0589,29/09/2024,59.3,4253,
Maharashtra,20.2522,76.6832,22/11/2024,0,3441,
Maharashtra,21.1063,76.5613,04/11/2024,18.4,3511,
Gujarat,20.9554,71.949,19/10/2024,8.5,3575,
Odisha,21.737,86.0532,23/06/2024,77.2,4089,
Maharashtra,20.3671,75.645,14/07/2024,0,3307,
Maharashtra,19.2421,76.2448,05/11/2024,11,3429,
Maharashtra,18.4876,75.7339,29/07/2024,31.1,3696,
Maharashtra,20.9004,76.9498,24/07/2024,24.4,3865,
Karnataka,16.5264,77.1931,07/08/2024,64.2,4314,
Bihar,26.3654,84.8792,23/09/2024,71.5,4513,
Odisha,21.0257,83.3304,07/11/2024,0,3828,
Odisha,21.8785,84.6475,16/06/2024,103.7,4768,
West Bengal,22.0544,89.1981,29/07/2024,54.1,4468,
West Bengal,22.6111,89.3232,21/07/2024,35.3,4078,
Kerala,8.961,75.0953,08/10/2024,0,3505,
Karnataka,16.3484,77.0784,26/11/2024,14.4,3587,
Bihar,24.6541,84.4967,20/09/2024,31.7,4133,
Kerala,10.3635,77.3191,27/06/2024,88.5,3832,
Maharashtra,21.1606,76.0969,10/06/2024,4.7,3429,
Karnataka,16.1106,75.532,04/11/2024,5.6,3543,
Tamil Nadu,11.6929,78.7319,27/11/2024,0,3267,
Bihar,24.4217,86.0755,03/06/2024,20.1,4033,
West Bengal,23.4215,88.5513,11/11/2024,47.6,3828,
Bihar,25.4362,85.298,15/11/2024,20.1,3800,
West Bengal,22.8239,88.228,13/10/2024,3.1,3690,
Uttar Pradesh,27.1987,81.4182,02/11/2024,33.2,4372,
Gujarat,21.7252,70.3906,27/08/2024,0,3271,
Kerala,8.6367,76.9922,04/11/2024,28.9,3847,
Uttar Pradesh,25.4744,81.2339,19/10/2024,19.4,3925,
Uttar Pradesh,26.241,80.6632,09/08/2024,78.8,4076,
Uttar Pradesh,27.8742,82.3207,01/06/2024,34.5,3740,
Assam,26.1657,91.8047,21/10/2024,0,4088,
Bihar,25.632,84.6847,27/09/2024,93,4551,
Odisha,19.541,83.8588,19/10/2024,5.2,3773,
Uttar Pradesh,26.93,79.7601,22/10/2024,10.6,3865,
Bihar,26.1989,84.3768,20/11/2024,56,4447,
Odisha,21.8155,85.2985,26/11/2024,14.3,3931,
West Bengal,21.281,87.0439,02/06/2024,65.2,4627,
Odisha,21.7802,84.302,19/07/2024,69.7,4351,
Maharashtra,18.3446,75.4357,11/06/2024,168.7,5578,
Odisha,22.3257,85.362,17/06/2024,72.4,4106,
Uttar Pradesh,26.5418,82.1575,30/09/2024,83.7,4852,
Kerala,9.2691,77.1969,12/07/2024,124.5,4655,
Assam,27.5028,90.9691,27/10/2024,27.7,4432,
Gujarat,21.182,69.9608,04/07/2024,38.8,3891,
Gujarat,23.0583,70.1423,29/09/2024,0,3352,
Uttar Pradesh,28.2676,80.2308,09/09/2024,57.8,3996,
Bihar,27.2017,85.6719,14/08/2024,91.3,4951,
West Bengal,23.8236,87.9728,27/07/2024,131.6,4816,
Kerala,10.5171,75.5696,28/08/2024,83.9,4389,
Gujarat,21.4143,71.3825,23/09/2024,78.6,3730,
Tamil Nadu,9.6098,79.8165,02/07/2024,73.6,3713,
Kerala,10.2479,75.6886,25/07/2024,119,5075,
Bihar,25.703,83.9494,11/07/2024,20.1,4199,
Maharashtra,19.9929,76.4538,24/10/2024,0,3470,
Kerala,9.2016,76.4692,02/09/2024,115.6,4157,
Tamil Nadu,11.7835,79.7009,17/10/2024,25.2,3734,
Gujarat,22.0315,71.5337,18/11/2024,16.2,3199,
Karnataka,14.2489,74.8085,22/10/2024,6.4,3151,
Karnataka,16.1801,74.6294,15/10/2024,1.5,3540,
Gujarat,23.0381,71.0121,15/09/2024,142.8,3978,
Karnataka,15.6643,75.9239,01/07/2024,131.5,4456,
Gujarat,22.2229,71.1897,14/06/2024,138.8,4335,
Gujarat,23.2034,69.7812,01/08/2024,81.6,3794,
Maharashtra,20.2753,76.8322,08/11/2024,3.7,3649,
Gujarat,23.1882,72.3227,08/10/2024,0,3201,
Uttar Pradesh,26.0369,80.3266,10/08/2024,34.9,4101,
Assam,27.5554,91.9008,16/09/2024,6.5,4068,
Assam,26.4259,92.2213,07/07/2024,86.9,4474,
Karnataka,15.2806,74.4221,06/08/2024,67.5,3715,
Uttar Pradesh,25.392,79.8414,30/09/2024,177.3,5011,
Kerala,10.8551,77.2288,24/11/2024,0,3741,
Karnataka,13.94,75.0101,12/06/2024,31.8,3745,
Maharashtra,18.3308,75.1291,16/11/2024,22.9,3599,
Bihar,24.7619,85.8185,17/09/2024,26.6,3941,
Uttar Pradesh,25.5651,80.4045,23/10/2024,24.5,4223,
Assam,26.1134,91.4014,27/09/2024,60.9,4951,
Uttar Pradesh,26.8917,81.0758,05/08/2024,45,4080,
Tamil Nadu,11.8428,79.8173,03/07/2024,85.7,4010,
Karnataka,15.6706,74.7805,24/09/2024,71.2,3623,
Uttar Pradesh,26.9276,82.3968,08/08/2024,9.7,3702,
Maharashtra,19.6802,76.8834,12/06/2024,29.5,3583,
Karnataka,16.2234,75.7524,18/08/2024,57.1,3721,
Maharashtra,18.3294,74.4889,25/08/2024,58,3968,
Maharashtra,19.673,74.8842,15/06/2024,64.5,4093,
Uttar Pradesh,25.3478,81.4071,10/07/2024,72.1,4926,
Assam,26.6052,92.6998,23/10/2024,2.4,3954,
Kerala,8.7414,75.8348,28/07/2024,54.3,4601,
Karnataka,15.7503,76.0325,09/11/2024,21.4,3594,
Uttar Pradesh,26.827,80.8557,23/06/2024,64.3,4177,
Odisha,21.1987,85.649,01/08/2024,35.9,3928,
West Bengal,22.6493,89.8454,09/11/2024,0,3417,
Odisha,21.0798,83.8039,26/11/2024,9.2,3630,
Uttar Pradesh,25.4709,81.2213,04/09/2024,124.1,5313,
Uttar Pradesh,26.6615,81.1452,19/07/2024,0,3748,
Bihar,25.885,86.1728,12/09/2024,68.6,4252,
Uttar Pradesh,26.7375,82.2558,26/09/2024,61.3,4032,
West Bengal,22.0661,87.5786,28/10/2024,43.2,3775,
Tamil Nadu,12.4829,79.7103,20/08/2024,63.5,4061,
Kerala,10.6688,76.7792,10/08/2024,89.3,4047,
Kerala,9.3237,75.7527,17/08/2024,116,4774,
Uttar Pradesh,26.3358,80.4849,16/07/2024,66.8,4292,
Kerala,9.1844,77.6746,25/07/2024,19.6,3845,
Kerala,10.4305,76.1203,24/11/2024,10.7,3468,
Maharashtra,18.6284,76.7617,18/07/2024,0,3603,
Uttar Pradesh,27.8964,79.6122,20/06/2024,106.3,5091,
Assam,27.178,90.4026,27/09/2024,58.8,4705,
Odisha,21.2279,84.3154,24/08/2024,72.4,4782,
Odisha,20.8368,84.0434,14/09/2024,169.3,5359,
Maharashtra,19.5051,76.3821,13/10/2024,0,3307,
Odisha,20.0443,85.8318,06/11/2024,9.7,3698,
Assam,26.5138,92.5739,17/06/2024,29.3,4369,
Odisha,20.9707,84.7919,05/11/2024,0,3719,
West Bengal,22.3278,87.4938,07/07/2024,84.2,4410,
Uttar Pradesh,27.2651,81.3365,05/08/2024,60.8,4157,
Kerala,10.4381,77.9878,25/09/2024,100.3,5151,
Tamil Nadu,11.103,80.1768,10/07/2024,88.8,4185,
Gujarat,21.1016,69.9376,21/06/2024,29.3,3413,
West Bengal,23.2918,87.35,25/09/2024,0,3711,
Tamil Nadu,11.6972,79.8197,13/11/2024,0,3192,
Kerala,9.2861,77.2093,16/10/2024,0,3811,
Tamil Nadu,11.0684,79.1328,03/11/2024,29.6,3178,
Odisha,22.0083,84.2364,23/08/2024,63.5,4105,
Karnataka,14.7507,75.8573,13/07/2024,88.4,4280,
West Bengal,24.0715,88.5363,24/09/2024,108.5,5246,
Karnataka,16.5967,74.7124,29/06/2024,10,3416,
Gujarat,23.5718,71.7826,24/06/2024,36.1,3358,
Tamil Nadu,11.5029,79.0828,03/11/2024,0,3565,
Gujarat,22.4119,72.1755,22/06/2024,95.8,4042,
Maharashtra,21.1145,74.8566,31/08/2024,78.8,4196,
Odisha,19.7106,85.895,24/09/2024,57.6,4212,
Gujarat,22.0518,71.5604,27/07/2024,0.9,3359,
West Bengal,23.2039,87.3054,07/09/2024,62.8,4375,
Bihar,26.7054,85.5903,14/11/2024,0,3704,
Uttar Pradesh,27.2487,81.697,06/10/2024,18.7,3682,
Bihar,25.6077,85.2094,29/09/2024,0,3929,
Kerala,9.1812,75.855,20/08/2024,21,3601,
Assam,25.1541,90.8429,12/11/2024,0.3,4344,
Bihar,26.2745,84.4963,02/08/2024,53,4537,
Assam,26.8403,91.1833,24/08/2024,99.1,5485,
West Bengal,21.3322,88.9173,27/08/2024,118.5,4672,
Karnataka,15.0772,75.8087,20/11/2024,0,3752,
Assam,27.6068,91.6569,10/11/2024,0,3999,
Odisha,19.6661,84.6522,28/09/2024,19.5,3829,
Gujarat,20.9119,70.6117,02/11/2024,9.1,3593,
Karnataka,15.419,75.3412,16/10/2024,23.9,3368,
Karnataka,16.5672,74.3854,07/10/2024,12.3,3392,
Odisha,20.1684,85.6984,30/10/2024,0,3564,
Uttar Pradesh,25.6074,80.1132,22/06/2024,56.6,4309,
Bihar,25.9842,85.6051,22/06/2024,6.5,3895,
Assam,25.6878,91.0153,18/09/2024,37.6,4266,
Maharashtra,18.7139,75.3815,29/07/2024,110.4,4393,
Gujarat,22.2658,70.1355,28/07/2024,47.3,3880,
Maharashtra,19.4084,75.154,30/08/2024,68.1,4199,
Maharashtra,18.4384,74.5726,23/06/2024,9,3408,
Assam,25.1677,91.9697,03/11/2024,18.8,4495,
Karnataka,15.216,74.7372,27/06/2024,17.7,3382,
Kerala,11.4923,77.1293,15/06/2024,153.1,5671,
Uttar Pradesh,28.1251,81.6354,25/06/2024,111.4,4893,
Gujarat,21.4227,72.5764,21/07/2024,22.7,3511,
Gujarat,20.8722,71.585,04/06/2024,89.2,4599,
Bihar,24.9925,84.7307,05/10/2024,18.5,4435,
Kerala,8.9174,75.2927,20/09/2024,50.8,4376,
Uttar Pradesh,26.4935,80.6765,24/11/2024,10.3,3748,
Karnataka,15.686,75.8391,03/07/2024,109,4671,
West Bengal,23.8005,87.7806,12/09/2024,121,4701,
West Bengal,23.2736,88.8867,12/09/2024,48.8,3933,
Karnataka,14.5271,76.5297,12/09/2024,13.1,3490,
Maharashtra,20.5958,74.7387,07/09/2024,45.9,3656,
Odisha,20.4512,83.7684,23/08/2024,72.3,4258,
Kerala,10.6804,76.9118,12/08/2024,58.3,4666,
Bihar,26.655,86.1294,04/10/2024,0.7,3675,
Maharashtra,19.4392,76.543,07/06/2024,0,3675,
Gujarat,22.779,70.6252,20/07/2024,75.7,4316,
Bihar,25.1317,85.4012,06/09/2024,72.1,4886,
Karnataka,14.3403,76.6685,26/11/2024,6.1,3172,
Odisha,19.5958,83.2946,18/11/2024,5.2,4075,
Tamil Nadu,9.6629,77.6325,15/06/2024,74,4200,
Kerala,10.4389,76.4021,24/07/2024,63.1,4240,
Odisha,19.5006,85.9218,13/07/2024,41.8,4012,
Odisha,21.191,85.054,16/09/2024,0,3939,
Maharashtra,20.3116,75.0554,04/10/2024,31.2,3865,
Odisha,21.533,85.6093,25/06/2024,77.2,4284,
Gujarat,21.8652,71.0339,14/06/2024,0,3617,
Uttar Pradesh,27.631,80.0899,18/07/2024,8.9,3783,
Maharashtra,19.7809,74.8854,14/10/2024,10.9,3293,
Assam,25.3386,91.3912,29/06/2024,90.7,5138,
Bihar,26.3073,84.3137,24/08/2024,62.7,4369,
Kerala,10.7253,75.6445,30/08/2024,100.7,4582,
Kerala,10.9618,75.7159,23/06/2024,99.5,3927,
Uttar Pradesh,26.9342,81.9041,29/07/2024,76.1,3981,
Uttar Pradesh,28.1062,81.6967,04/07/2024,53.7,4095,
Kerala,11.2141,75.2768,06/11/2024,10.9,3404,
Tamil Nadu,12.4019,79.8782,23/11/2024,4.3,3470,
Kerala,8.9427,77.8683,27/10/2024,0,3476,
Tamil Nadu,10.9559,77.2307,27/06/2024,69,3597,
Odisha,19.7686,85.5604,02/09/2024,0,3745,
Bihar,27.0972,83.9542,10/08/2024,69.6,4920,
Bihar,26.6855,86.5984,29/06/2024,51.6,4168,
Assam,26.26,90.9364,15/10/2024,10.4,3918,
Uttar Pradesh,28.0681,80.6303,13/11/2024,0,3647,
Bihar,24.6031,85.7412,04/09/2024,43,4751,
Bihar,26.8654,84.8608,06/08/2024,117.1,4878,
Kerala,10.5299,77.6886,15/10/2024,32.9,4290,
Gujarat,21.2471,71.9578,02/09/2024,74.3,4195,
Odisha,22.2244,83.5617,25/08/2024,87.8,4148,
Bihar,26.9855,83.8952,24/11/2024,0,3789,
Odisha,21.9177,84.3008,24/06/2024,76.1,4599,
Gujarat,20.8451,70.015,13/06/2024,111.8,3933,
Bihar,24.8007,85.4291,07/10/2024,2.3,3888,
Gujarat,22.1009,72.3252,11/09/2024,72.3,3849,
Maharashtra,20.4943,74.5615,24/10/2024,19,3868,
Bihar,25.92,85.3754,29/06/2024,96.7,5373,
Tamil Nadu,11.6942,79.9724,07/07/2024,61.1,3364,
West Bengal,23.8652,88.0446,26/11/2024,0,3442,
Kerala,9.6573,75.6216,16/11/2024,4.1,3370,
West Bengal,21.6107,87.6805,20/11/2024,29,3696,
Bihar,27.2166,85.7406,17/08/2024,72.6,4438,
Maharashtra,19.3528,74.681,06/07/2024,63,3928,
Bihar,24.9567,85.2016,12/06/2024,55.1,4770,
Assam,26.5761,91.3012,19/10/2024,0,3998,
Kerala,9.8809,77.258,28/11/2024,34.7,3797,
Assam,27.1682,91.9761,15/11/2024,0,4092,
Assam,25.6637,90.9534,21/11/2024,0,3930,
Odisha,20.4173,85.1507,05/10/2024,20.8,3868,
Maharashtra,18.9326,74.7546,08/08/2024,142,5280,
Maharashtra,20.6005,74.2179,14/07/2024,101.4,4562,
West Bengal,21.6983,87.8425,31/07/2024,118.8,4366,
Assam,24.9901,91.3109,06/08/2024,50.6,4471,
Tamil Nadu,9.6412,78.8086,20/11/2024,0.7,3172,
Karnataka,15.2509,75.9771,05/11/2024,9.7,3215,
West Bengal,23.591,88.83,18/08/2024,74.3,4781,
Maharashtra,20.8433,74.6459,23/07/2024,93.1,3997,
Kerala,10.3363,75.925,09/10/2024,12.5,3858,
Gujarat,22.5337,71.9768,28/11/2024,29.3,4138,
West Bengal,21.3918,87.2986,01/07/2024,11.1,3828,
Assam,27.2383,91.2083,15/08/2024,68.5,4338,
Tamil Nadu,10.0249,77.5081,26/10/2024,0,3206,
Kerala,9.3335,75.2559,22/06/2024,62.9,3937,
Uttar Pradesh,26.6123,79.6295,31/10/2024,0,3774,
West Bengal,23.5753,88.1521,26/11/2024,15.3,3856,
Karnataka,14.8102,76.1521,19/10/2024,0.8,3299,
Maharashtra,19.0431,74.8972,24/11/2024,11.2,3426,
Assam,25.3081,91.5237,13/06/2024,96.8,5199,
Kerala,9.9199,76.9998,26/07/2024,70.2,4147,
Karnataka,15.0061,75.2809,21/07/2024,49.7,3790,
Odisha,21.0119,84.3496,18/06/2024,95.4,4971,
Kerala,10.4611,75.1718,27/10/2024,0,3548,
Gujarat,22.2179,70.1475,19/09/2024,93,3944,
Maharashtra,19.3709,76.102,13/08/2024,54.3,4243,
Kerala,10.0384,76.2765,05/09/2024,61.5,3873,
Kerala,9.4786,76.4366,13/08/2024,90.5,4051,
Karnataka,15.6387,75.8312,10/11/2024,3.6,3122,
Odisha,21.5786,86.0353,24/07/2024,58.4,4376,
Bihar,27.3375,83.8692,19/11/2024,0,3900,
Maharashtra,19.2168,75.172,04/11/2024,5.7,3404,
Odisha,20.3045,84.5191,03/06/2024,94.4,4929,
West Bengal,22.65,87.7823,08/11/2024,0,3652,
Gujarat,23.4957,70.204,24/06/2024,78.6,4092,
Gujarat,22.1424,70.1077,21/07/2024,0,3190,
Tamil Nadu,11.1218,79.3852,25/08/2024,74.3,3733,
Bihar,24.4252,84.0979,15/08/2024,48.7,4500,
Assam,27.4205,93.0114,30/07/2024,9.7,3949,
Maharashtra,19.5809,74.7005,28/11/2024,0,3406,
Bihar,25.6017,85.576,13/11/2024,8.5,3884,
Uttar Pradesh,27.0416,81.2419,07/11/2024,13,4080,
Assam,27.1772,92.2464,14/10/2024,6.4,4006,
West Bengal,22.8702,88.5597,22/08/2024,87.9,4888,
Maharashtra,20.957,75.1138,11/07/2024,114.3,5583,
Tamil Nadu,10.0914,77.7897,26/06/2024,75.2,4161,
Kerala,10.1201,77.9688,02/07/2024,59.1,3876,
Uttar Pradesh,27.3554,80.647,25/10/2024,10.9,3615,
Assam,25.1663,92.4325,12/07/2024,77.7,4954,
Uttar Pradesh,26.1149,80.6896,10/11/2024,3.6,3579,
Uttar Pradesh,26.4688,81.9388,03/11/2024,7.4,3617,
Kerala,9.7663,76.2537,02/06/2024,3.1,3590,
Maharashtra,21.1531,76.8405,28/06/2024,116.9,4659,
Kerala,9.9221,75.7714,20/09/2024,0,3611,
Bihar,25.8313,85.2544,03/08/2024,0,3937,
Karnataka,14.8217,74.8565,12/10/2024,14.8,3342,
Maharashtra,19.4228,75.1559,11/11/2024,0,3376,
West Bengal,23.9541,87.1958,23/08/2024,92.5,4613,
Karnataka,16.2556,76.7263,09/10/2024,3.9,3089,
West Bengal,23.2791,87.8569,17/10/2024,6.8,3516,
Odisha,19.5954,83.998,01/08/2024,31.3,3942,
Gujarat,21.5026,71.124,29/10/2024,0,3323,
Bihar,26.9133,86.7361,07/06/2024,0,3646,
Gujarat,21.5071,71.7482,08/10/2024,0,3309,
Uttar Pradesh,27.473,79.6378,18/10/2024,0,3717,
Tamil Nadu,11.6357,79.93,02/06/2024,2.5,3308,
Gujarat,21.9739,72.0802,31/08/2024,47.5,4233,
Assam,25.8153,91.9581,07/06/2024,79.7,5100,
Gujarat,21.3645,71.8007,29/10/2024,4.2,3487,
Assam,25.7326,91.5538,11/11/2024,3.2,4144,
Karnataka,15.3579,75.1384,18/07/2024,14.5,3584,
Tamil Nadu,11.6714,78.6607,16/11/2024,0,3542,
Uttar Pradesh,25.9082,82.0293,09/06/2024,0,3638,
Odisha,20.112,83.2686,01/09/2024,56,4003,
Karnataka,15.5176,74.22,23/11/2024,30.4,3950,
Gujarat,23.4499,70.0196,14/11/2024,11.1,3563,
Gujarat,22.9999,70.6139,25/06/2024,92.2,4419,
Bihar,26.4047,86.1714,20/07/2024,33.4,4495,
Maharashtra,18.7921,76.9715,25/10/2024,1.2,3483,
West Bengal,21.5296,88.0986,11/08/2024,0,3732,
Karnataka,16.3936,75.1575,21/08/2024,82.2,3982,
West Bengal,23.2482,88.3492,21/06/2024,43.6,4398,
Tamil Nadu,10.89,78.521,27/10/2024,23.7,3645,
West Bengal,23.1888,87.6725,22/08/2024,0,3662,
Kerala,8.8234,77.1165,13/08/2024,22.1,3779,
Gujarat,23.4997,71.8407,16/07/2024,79.7,4155,
Gujarat,23.6379,70.4756,05/09/2024,67.8,4074,
Bihar,26.884,86.7171,27/09/2024,80.8,4943,
Uttar Pradesh,27.0787,79.5525,14/10/2024,10.9,4083,
West Bengal,23.092,87.4092,12/06/2024,76.5,4861,
Assam,25.8571,90.3909,16/09/2024,36.1,4257,
Karnataka,14.8327,74.7974,27/10/2024,10,3230,
Maharashtra,20.6831,74.3256,23/11/2024,17.7,3664,
Uttar Pradesh,25.4053,82.1202,30/10/2024,37.8,3888,
Maharashtra,19.5353,76.3901,17/11/2024,0,3810,
Kerala,11.0219,77.7291,28/08/2024,40.5,3736,
Assam,25.9521,90.9417,21/09/2024,73.5,4605,
Assam,27.6076,92.0441,09/08/2024,27.5,4120,
Maharashtra,19.3672,74.8572,05/10/2024,31.3,3604,
Gujarat,22.1233,70.6362,08/08/2024,16.3,3518,
Gujarat,21.5052,72.0863,01/08/2024,92.8,3895,
Bihar,26.1251,85.8743,29/08/2024,44.6,4341,
West Bengal,21.4898,88.8684,19/06/2024,42.9,4003,
Uttar Pradesh,27.4808,81.7268,08/06/2024,74,3988,
Tamil Nadu,11.7516,78.035,18/08/2024,31.2,3188,
Bihar,25.9082,86.0362,23/09/2024,40.2,4215,
Assam,26.5097,92.8727,15/10/2024,22.2,4270,
Gujarat,23.6145,70.4507,14/10/2024,23.7,3419,
Bihar,26.4296,86.3485,30/07/2024,110.5,4668,
Odisha,20.3103,83.8417,25/08/2024,21.9,3675,
West Bengal,23.3061,87.4978,12/10/2024,9.3,3543,
Odisha,19.6997,84.4096,10/09/2024,0,3543,
Karnataka,14.4262,75.652,01/09/2024,69.4,3683,
Odisha,19.4843,83.6563,05/11/2024,17.5,3951,
Uttar Pradesh,26.3662,80.2674,16/10/2024,4.7,3553,
Uttar Pradesh,28.0797,81.7213,22/09/2024,80.4,4759,
Kerala,9.2687,75.0653,30/06/2024,37.9,3814,
Tamil Nadu,10.147,79.0914,22/08/2024,44.4,3655,
Bihar,26.5655,85.5006,18/06/2024,134.6,4837,
Karnataka,16.3832,74.3081,06/10/2024,12.7,3567,
Uttar Pradesh,25.729,81.6234,01/10/2024,15.7,3945,
Karnataka,15.5704,77.1867,17/06/2024,76.2,3803,
Gujarat,23.5077,71.9777,21/11/2024,0,3234,
Kerala,10.6438,76.3125,22/10/2024,12.9,3964,
Assam,25.0443,91.3673,03/11/2024,9.2,4483,
Odisha,19.4706,85.5515,09/07/2024,24.2,3944,
Bihar,25.4746,84.1703,18/06/2024,152.2,5010,
Uttar Pradesh,26.75,80.0264,29/10/2024,4.6,3950,
West Bengal,21.6564,89.2003,26/08/2024,0,4083,
Uttar Pradesh,26.3622,79.6211,16/06/2024,59.7,4038,
Gujarat,23.4836,70.0395,21/06/2024,71.4,4371,
Uttar Pradesh,27.8617,82.2582,30/10/2024,0,3735,
Gujarat,23.6184,71.3936,08/09/2024,100.6,4602,
Tamil Nadu,12.5781,77.5329,15/07/2024,104.6,4392,
Bihar,26.8686,86.107,23/09/2024,42.2,3855,
Gujarat,23.4849,70.5097,29/09/2024,88.4,4287,
Kerala,11.236,77.2338,19/11/2024,31.9,3681,
Karnataka,14.267,75.966,22/09/2024,25.7,3644,
Tamil Nadu,12.3686,77.4362,21/06/2024,0,3396,
Bihar,25.1654,86.781,19/06/2024,64.2,4954,
Uttar Pradesh,26.2245,79.7763,22/06/2024,56.8,4597,
Gujarat,21.8669,71.1902,25/06/2024,67.5,3715,
Tamil Nadu,10.7529,78.2622,02/07/2024,52.9,3402,
Gujarat,23.1392,71.3918,09/07/2024,22.7,3436,
Gujarat,23.5441,71.7635,23/11/2024,0,3396,
Gujarat,20.9735,69.919,14/06/2024,78.1,3987,
West Bengal,21.3083,87.022,10/06/2024,87.3,4851,
Karnataka,16.2742,74.5108,31/08/2024,144.7,5240,
Karnataka,14.9039,74.4503,28/06/2024,96.3,3710,
Maharashtra,20.0447,76.9842,27/08/2024,71.4,4007,
Tamil Nadu,9.7938,78.2162,07/09/2024,52.5,3867,
Assam,27.2872,90.8099,30/08/2024,95.9,5226,
Tamil Nadu,9.6864,79.6753,14/06/2024,102.4,4313,
Uttar Pradesh,25.4882,81.0762,31/07/2024,7.6,3935,
Karnataka,13.9763,74.4381,05/10/2024,14.5,3714,
Odisha,21.0482,83.3422,13/06/2024,73.4,4209,
Gujarat,21.7936,70.3896,20/07/2024,44.9,4140,
Maharashtra,19.2281,74.9108,02/09/2024,13.5,3495,
Assam,27.2579,91.1678,27/06/2024,74.5,4780,
Tamil Nadu,9.796,78.9239,17/09/2024,53.4,3824,
Gujarat,23.1781,70.0251,15/09/2024,44.5,3799,
Tamil Nadu,10.8032,80.149,23/10/2024,24.8,3435,
Bihar,25.0679,84.6153,10/08/2024,71.9,4761,
Uttar Pradesh,25.957,81.6043,05/10/2024,33.9,3947,
Tamil Nadu,11.6415,77.602,26/08/2024,141.8,4831,
Odisha,21.5983,83.2377,03/06/2024,73.3,4182,
Bihar,25.1357,86.067,14/10/2024,8.3,3918,
Gujarat,21.0892,72.5628,09/07/2024,2.8,3238,
Assam,25.9979,92.377,15/08/2024,19.2,4086,
Gujarat,22.3126,72.5628,05/09/2024,55,3693,
Gujarat,21.4073,72.4814,17/11/2024,7.6,3430,
Maharashtra,20.4497,76.5879,18/08/2024,40.2,3724,
Tamil Nadu,10.1207,79.5212,24/11/2024,0,3497,
Gujarat,23.388,72.404,08/09/2024,134.7,4234,
Uttar Pradesh,25.4565,81.3204,07/06/2024,18.6,3755,
Assam,27.6718,91.3975,25/09/2024,33.2,4099,
Gujarat,22.8048,71.7755,08/11/2024,27.5,3500,
Odisha,22.0856,83.9667,14/07/2024,50.5,3903,
Uttar Pradesh,27.3463,81.6812,14/07/2024,120.5,5592,
Uttar Pradesh,27.5679,80.7301,09/07/2024,0,3717,
West Bengal,21.1541,89.8317,17/10/2024,8.5,3977,
Uttar Pradesh,27.5849,82.1915,16/07/2024,121.8,5087,
West Bengal,23.7296,89.2714,06/11/2024,0,3557,
Uttar Pradesh,27.3196,80.3363,28/08/2024,86.1,5302,
Kerala,10.1432,75.4878,28/09/2024,28.9,4079,
Kerala,10.033,76.6339,27/11/2024,2.2,3590,
Bihar,24.9677,83.9914,18/07/2024,48,4529,
Gujarat,20.988,71.0788,31/07/2024,101.9,4061,
Odisha,21.6618,85.9365,12/10/2024,28.2,4380,
Karnataka,16.0807,74.6457,25/08/2024,31.9,3878,
Assam,27.588,90.6749,21/06/2024,90.5,5114,
Maharashtra,20.1486,75.6836,19/10/2024,22.5,3768,
Maharashtra,18.3524,76.6346,12/11/2024,10.8,3368,
Bihar,26.239,85.243,27/10/2024,13.7,3683,
Assam,26.852,91.2858,16/07/2024,91.1,4717,
Karnataka,14.0421,76.3564,14/10/2024,19,3360,
Karnataka,16.03,75.8818,25/06/2024,64,4000,
Karnataka,15.4357,74.7937,25/06/2024,7.9,3306,
West Bengal,23.9753,88.8526,10/07/2024,70.2,4392,
Assam,27.6436,92.3443,10/09/2024,13.8,4540,
Assam,24.8605,91.4475,22/09/2024,0,3947,
Uttar Pradesh,27.2807,80.5119,20/09/2024,51.4,4198,
Uttar Pradesh,28.0589,79.9235,09/10/2024,33,3986,
Uttar Pradesh,25.3533,80.6511,22/07/2024,76.7,5010,
Assam,27.4287,90.6293,02/11/2024,8.4,4016,
Odisha,21.2226,83.5917,06/06/2024,49,4299,
Karnataka,16.2257,75.4111,02/07/2024,72.9,3954,
Karnataka,14.7512,75.3882,29/10/2024,12.8,3524,
Gujarat,21.3456,71.4627,01/11/2024,5.7,3353,
Kerala,10.5757,75.6741,24/11/2024,14.6,3795,
Tamil Nadu,12.4111,77.5234,18/10/2024,0.1,3001,
West Bengal,22.8342,87.2302,11/10/2024,10.3,3697,
West Bengal,22.7902,88.0164,10/11/2024,15.9,3995,
Maharashtra,19.3395,76.2459,21/06/2024,54.3,3797,
Uttar Pradesh,25.6293,81.2457,12/09/2024,88.8,4885,
Bihar,26.6808,85.3458,02/10/2024,1.9,3895,
Karnataka,14.688,75.7376,20/08/2024,40.8,3982,
Uttar Pradesh,27.8403,81.8787,04/09/2024,13.2,3876,
Bihar,26.2892,86.4837,09/09/2024,133.7,5555,
Uttar Pradesh,26.1372,80.6363,04/06/2024,66.3,5086,
Maharashtra,20.826,76.9462,15/06/2024,5.6,3312,
Kerala,11.1592,76.8601,01/06/2024,71.1,4279,
Gujarat,22.2467,70.9803,02/07/2024,66.3,4385,
Bihar,24.6347,84.4264,10/06/2024,94.4,4870,
Tamil Nadu,11.3525,77.4298,21/08/2024,12.4,3353,
Tamil Nadu,10.2066,77.6269,22/11/2024,4.4,3287,
Tamil Nadu,12.432,78.1637,11/08/2024,96.6,3940,
Kerala,8.8223,75.9987,03/08/2024,73.6,4155,
Maharashtra,19.7787,74.5679,22/08/2024,0,3629,
Uttar Pradesh,27.2558,81.9622,14/06/2024,72.7,4226,
Kerala,10.1321,76.8021,15/10/2024,5.9,3492,
Maharashtra,20.8526,74.4043,29/10/2024,0,3539,
Odisha,19.4676,85.2974,07/11/2024,6.4,3725,
Karnataka,15.7074,75.0603,12/06/2024,26.3,3457,
Karnataka,16.0799,75.9694,03/09/2024,132.9,4889,
Kerala,9.4128,75.8173,12/11/2024,18.3,3612,
West Bengal,22.8131,89.5203,29/08/2024,160.3,4630,
West Bengal,23.6637,87.0221,03/08/2024,29.3,3747,
Tamil Nadu,11.4433,79.2567,19/11/2024,15.6,3431,
West Bengal,21.6014,86.9829,26/09/2024,71.1,4289,
Assam,25.7703,92.4538,22/06/2024,15.7,4327,
Kerala,9.5112,76.5386,29/07/2024,0,3844,
Karnataka,15.1654,76.7672,14/09/2024,89.1,4097,
Bihar,24.5296,84.5383,07/11/2024,5.5,4307,
Gujarat,22.4544,70.8266,15/11/2024,0,3116,
Kerala,9.8079,75.8146,03/07/2024,8,3570,
Maharashtra,19.8027,74.7036,15/07/2024,80.3,3769,
Maharashtra,20.1952,75.0353,27/06/2024,92.5,4158,
Tamil Nadu,10.7144,79.3641,13/09/2024,87.1,4273,
Assam,26.1931,92.8628,02/10/2024,11.8,4247,
West Bengal,21.2119,89.4332,18/10/2024,0,3454,
Assam,25.3532,90.3475,10/07/2024,70.6,4490,
Uttar Pradesh,26.2929,81.6792,11/11/2024,49.4,4217,
Gujarat,22.3832,69.9689,03/07/2024,65.2,3890,
Tamil Nadu,10.5602,77.2684,15/08/2024,114.8,4772,
Karnataka,14.6134,75.2442,18/09/2024,60.3,4015,
Karnataka,14.7228,76.6357,19/09/2024,113,4915,
Tamil Nadu,12.5595,79.6875,28/07/2024,29.3,3605,
Kerala,9.4193,77.0376,03/06/2024,34.1,3993,
Tamil Nadu,11.2784,80.1173,24/10/2024,5.4,3241,
West Bengal,22.3891,87.041,06/10/2024,0,3590,
Karnataka,14.2303,76.4771,19/11/2024,43.1,3499,
Kerala,9.0776,77.5182,05/07/2024,147.5,4241,
Maharashtra,18.6553,74.2029,14/07/2024,86.5,4485,
Odisha,21.4462,85.8253,16/06/2024,36.8,4061,
Gujarat,22.6339,71.2791,16/09/2024,1.6,3473,
Gujarat,23.0799,70.3554,02/10/2024,10.8,3435,
Kerala,9.1303,75.1355,02/11/2024,17.2,3792,
Odisha,20.909,85.5771,06/08/2024,67.1,4730,
Kerala,9.8178,77.7081,27/07/2024,70,4491,
West Bengal,21.1829,87.3126,27/08/2024,152.2,4604,
West Bengal,23.3693,89.2437,03/07/2024,117.5,5371,
Tamil Nadu,11.0804,77.4205,17/09/2024,21.6,3292,
Bihar,26.707,85.1624,07/10/2024,0,3939,
Bihar,26.3054,85.5285,27/07/2024,103.1,4388,
Karnataka,14.668,76.2906,23/10/2024,28.1,3447,
Bihar,25.7784,83.8601,29/08/2024,59.5,4184,
Assam,26.8087,91.1414,10/07/2024,1.1,3925,
Maharashtra,20.0896,75.2531,25/06/2024,70.3,3838,
Karnataka,15.8303,77.0771,02/11/2024,22.2,3434,
Karnataka,16.2387,76.1097,28/08/2024,0,3101,
Maharashtra,20.1912,75.1373,29/10/2024,12.1,3609,
Karnataka,16.228,74.8683,27/11/2024,9.3,3290,
Uttar Pradesh,27.1606,82.2823,18/06/2024,0,4042,
West Bengal,21.3322,89.361,09/09/2024,96.5,4199,
Karnataka,14.3731,75.1848,13/09/2024,68.9,3722,
West Bengal,22.4011,87.9487,05/09/2024,89.5,4196,
Karnataka,16.1389,76.8341,18/10/2024,0,3567,
Maharashtra,19.4098,74.3261,14/06/2024,26.8,3946,
Tamil Nadu,12.3719,79.4853,02/10/2024,0,3396,
Maharashtra,19.7028,74.339,24/10/2024,18.4,3574,
Bihar,27.378,85.5591,01/06/2024,57.8,4452,
West Bengal,23.2691,87.9024,07/09/2024,126,5287,
Kerala,9.2263,77.6832,20/06/2024,69.9,3826,
West Bengal,23.0886,88.5232,14/08/2024,19,3575,
West Bengal,21.4063,88.9227,24/09/2024,2.4,3676,
Uttar Pradesh,27.5083,79.6387,12/06/2024,82.2,4303,
Assam,26.2279,92.1604,24/06/2024,46.2,4088,
Uttar Pradesh,26.1876,79.7369,03/06/2024,71.1,4374,
Gujarat,22.232,72.646,29/08/2024,58.6,3668,
Kerala,8.7277,77.9932,26/09/2024,0,3340,
Assam,24.9706,92.2758,02/10/2024,25.7,4441,
Uttar Pradesh,27.0678,80.6726,06/08/2024,42.5,4111,
Karnataka,14.7149,76.2167,02/11/2024,10.5,3577,
Kerala,9.0913,76.8519,09/10/2024,45.1,4282,
Uttar Pradesh,27.8431,81.1366,24/06/2024,77.3,4766,
West Bengal,22.8298,87.2263,27/07/2024,116,5528,
West Bengal,23.6839,89.0845,15/09/2024,44.9,3800,
Bihar,26.2447,85.0949,27/08/2024,64.9,4323,
Karnataka,15.4181,74.5836,22/09/2024,102,3886,
West Bengal,21.926,87.0327,22/07/2024,47,3805,
Odisha,21.7233,83.9188,05/07/2024,39,4406,
Karnataka,14.4091,76.4873,31/10/2024,0,3162,
Kerala,10.1926,75.8017,02/06/2024,62.4,4314,
Gujarat,22.8889,71.7869,04/09/2024,61.8,3664,
Kerala,10.2668,75.7451,09/10/2024,12.7,3709,
West Bengal,21.6288,89.7585,13/09/2024,111.6,4318,
Assam,27.5481,90.7319,02/09/2024,60.5,4798,
Odisha,19.8409,83.77,21/11/2024,1.2,3499,
Karnataka,16.1046,75.8705,10/06/2024,95.6,3848,
Uttar Pradesh,26.6849,81.4097,15/11/2024,4.1,3901,
Karnataka,14.8123,74.2526,13/08/2024,10.4,3357,
Uttar Pradesh,27.7086,81.6284,07/10/2024,25.2,4179,
Bihar,25.2095,85.224,07/07/2024,84.3,4847,
West Bengal,21.8411,88.1182,13/11/2024,13.6,3913,
Kerala,9.1289,76.9456,05/10/2024,16.9,3660,
Assam,26.2719,91.923,18/09/2024,68.8,4826,
Assam,24.8155,91.9338,02/07/2024,42.8,4255,
Bihar,26.3665,83.929,13/09/2024,129.3,5555,
Tamil Nadu,10.8401,79.4788,21/07/2024,74,4087,
Karnataka,13.9454,74.5521,06/08/2024,35.9,3639,
Assam,25.7971,92.0074,26/10/2024,10.3,4133,
Karnataka,14.6467,76.592,13/09/2024,67.3,3416,
Maharashtra,20.4711,75.985,20/08/2024,86.4,4690,
Tamil Nadu,11.0494,79.8083,08/08/2024,52.1,4208,
Uttar Pradesh,26.9627,82.1388,21/09/2024,22.3,3741,
Karnataka,16.3412,74.7034,07/10/2024,38,3389,
Uttar Pradesh,26.9408,79.9226,17/10/2024,7.7,3564,
Kerala,11.3039,77.2851,28/07/2024,91.3,4534,
Uttar Pradesh,27.5527,81.6225,25/08/2024,112.9,4768,
Kerala,9.526,77.5323,08/06/2024,58.7,4311,
Maharashtra,18.6924,76.9979,23/09/2024,30.9,3828,
Tamil Nadu,9.9181,77.7716,02/06/2024,106.6,4443,
Assam,27.6217,91.2902,21/09/2024,50.1,4333,
Karnataka,15.1984,76.5697,21/08/2024,90.3,4839,
Odisha,21.0664,84.3024,03/06/2024,90.1,4607,
Kerala,10.1146,75.8791,18/11/2024,15.6,4020,
West Bengal,22.2463,89.4469,13/11/2024,3.3,3996,
West Bengal,22.9867,88.5311,08/10/2024,27.8,3697,
Uttar Pradesh,27.7816,79.49,13/07/2024,86.7,4593,
Karnataka,14.52,75.5609,01/07/2024,52.9,3810,
Assam,27.5671,91.8561,23/08/2024,133.3,5237,
Maharashtra,19.6703,75.2223,18/06/2024,86,4247,
Bihar,26.2207,84.7155,05/10/2024,17.3,4186,
Gujarat,23.5322,72.0601,22/09/2024,114.6,4360,
Odisha,21.0791,84.3893,10/07/2024,89.3,4756,
Uttar Pradesh,27.2537,81.212,01/07/2024,105.7,5167,
Tamil Nadu,10.4355,77.3692,19/06/2024,4.7,3701,
Gujarat,20.9978,69.8159,12/06/2024,113.7,4817,
Karnataka,14.249,75.9662,08/11/2024,0,3142,
Assam,27.594,91.8439,05/07/2024,52.7,4412,
Karnataka,15.0193,75.6852,16/08/2024,1.5,3578,
Odisha,20.4959,83.7224,08/11/2024,9.8,3874,
Maharashtra,20.3322,76.8783,19/11/2024,11.1,3385,
Maharashtra,18.8333,76.4678,22/09/2024,117.5,4174,
Gujarat,20.8865,70.6559,28/06/2024,14,3487,
West Bengal,22.4376,88.4646,12/09/2024,44.6,4314,
Kerala,9.4349,76.2927,19/07/2024,59.7,4907,
Assam,24.9157,91.3418,29/10/2024,0,4154,
Tamil Nadu,10.068,78.3078,07/08/2024,27.2,3250,
Maharashtra,20.4568,74.4008,05/10/2024,17.4,3565,
Kerala,9.9214,77.6758,30/10/2024,11.2,3533,
Gujarat,22.0279,70.7142,04/07/2024,158.4,5304,
Tamil Nadu,12.0579,79.7268,12/09/2024,39.3,3968,
Maharashtra,20.521,77.1563,11/10/2024,8.9,3402,
Karnataka,15.9626,76.7065,04/07/2024,72.9,3682,
Odisha,21.7116,85.5049,07/10/2024,14.8,3801,
Assam,26.2757,92.8519,04/10/2024,2.1,3940,
Assam,26.9476,91.3253,30/08/2024,66.1,4485,
Maharashtra,18.2187,76.7651,07/07/2024,33.6,3679,
Gujarat,22.8533,69.7816,06/06/2024,87.4,4712,
Maharashtra,19.1692,75.4737,28/06/2024,46.9,4048,
Maharashtra,19.5973,74.8489,05/10/2024,0,3296,
Maharashtra,19.3482,76.4333,09/10/2024,0,3276,
Maharashtra,21.1147,76.629,14/06/2024,41.2,4228,
Odisha,19.7198,84.2557,12/11/2024,11.1,4187,
Odisha,19.5879,83.6223,24/10/2024,10.6,3679,
Odisha,22.2423,85.7285,01/11/2024,0,3762,
Odisha,21.0974,85.4344,11/09/2024,104.5,5051,
Maharashtra,20.0665,74.8976,27/06/2024,57.1,3798,
Kerala,10.8754,77.6645,16/11/2024,0,3322,
West Bengal,23.6782,88.9608,15/08/2024,86.7,4747,
Karnataka,16.1906,75.5635,13/06/2024,118.1,4551,
Tamil Nadu,9.9246,78.0584,12/06/2024,73.4,3996,
Maharashtra,19.8766,75.1773,09/06/2024,39.7,3668,
Uttar Pradesh,27.1192,80.1631,29/07/2024,71.5,4161,
Karnataka,15.5848,74.2529,27/11/2024,0,3370,
Kerala,8.5793,75.5711,19/08/2024,39.9,3977,
Maharashtra,21.0854,76.7137,16/08/2024,76.8,4040,
Karnataka,15.0148,76.3623,21/06/2024,93.1,4704,
West Bengal,22.1776,87.4985,09/06/2024,23.1,3988,
Bihar,26.8029,84.6442,11/09/2024,43.2,4097,
Bihar,25.8033,84.4367,10/09/2024,54.4,4554,
Karnataka,15.1045,75.6447,18/07/2024,0,3120,
Bihar,25.7518,85.5831,01/11/2024,0.1,3711,
Bihar,25.0629,83.8584,19/09/2024,0,3633,
Bihar,27.3249,85.7066,02/07/2024,74,4574,
Uttar Pradesh,26.6822,81.1654,07/09/2024,41.5,4378,
Tamil Nadu,12.4439,78.1348,26/06/2024,7.2,3195,
Maharashtra,21.0815,76.0396,23/10/2024,20.5,3581,
Maharashtra,19.5573,76.1064,26/07/2024,98.7,5002,
Bihar,24.4393,86.2568,08/07/2024,59.2,4671,
Karnataka,15.1078,76.5199,31/10/2024,17.9,3342,
Bihar,24.6212,86.7355,16/11/2024,29.8,4003,
Kerala,11.1535,76.9619,30/06/2024,50.8,4110,
Uttar Pradesh,27.2931,80.3168,02/07/2024,68.5,4503,
West Bengal,21.8513,89.2952,03/10/2024,11.2,3772,
Kerala,11.1543,76.0621,10/09/2024,57.4,3916,
Odisha,20.3352,84.7896,15/11/2024,1.7,3641,
Uttar Pradesh,26.3803,81.7053,04/09/2024,51.9,4181,
Maharashtra,20.4425,74.6317,05/06/2024,97.1,5133,
West Bengal,22.8354,87.764,21/10/2024,4.5,3752,
Tamil Nadu,11.0623,78.6386,08/10/2024,27.9,3712,
Bihar,25.9782,85.3573,11/06/2024,19.7,4117,
Karnataka,13.963,74.9098,04/10/2024,7.5,3172,
Kerala,11.2653,75.6873,26/09/2024,67,4331,
Maharashtra,18.936,74.9037,04/08/2024,47.7,3980,
Kerala,11.1443,77.6488,02/10/2024,0,3562,
Bihar,27.2575,86.3695,27/09/2024,63,4469,
Uttar Pradesh,27.8153,81.7923,18/09/2024,84,5362,
Uttar Pradesh,26.1423,81.3571,02/10/2024,0.9,3658,
Odisha,20.0735,84.3902,02/07/2024,115.5,4752,
Karnataka,16.2117,76.5268,23/09/2024,10.4,3186,
West Bengal,21.4148,88.1307,08/07/2024,78.6,4225,
West Bengal,23.8329,87.1197,20/09/2024,110,4412,
Bihar,27.3914,85.9059,25/11/2024,38.1,4013,
Assam,25.9915,90.3093,22/07/2024,46.8,4855,
West Bengal,22.7966,88.1957,03/06/2024,23.4,3817,
Assam,27.4824,90.2357,09/06/2024,63.5,4408,
Gujarat,21.0223,71.4536,08/09/2024,43.7,3856,
Bihar,27.0771,86.0965,27/09/2024,32.6,4378,
Maharashtra,19.0692,75.3512,16/06/2024,77.7,4366,
Bihar,24.9878,84.1567,22/08/2024,65.1,4806,
Tamil Nadu,12.4781,78.3856,02/11/2024,8.4,3125,
Tamil Nadu,11.0433,78.0789,16/11/2024,10.4,3208,
Maharashtra,20.7688,76.9964,03/08/2024,65.9,4024,
Karnataka,16.3279,75.1971,22/07/2024,67.3,3768,
Kerala,9.3989,77.5787,27/10/2024,40.9,4311,
Assam,26.1072,90.3373,29/10/2024,26.5,4141,
Bihar,24.598,84.9605,10/07/2024,51.1,4195,
Tamil Nadu,11.9488,77.5547,19/10/2024,0,3078,
Bihar,25.1405,84.5643,30/07/2024,50.5,4043,
Tamil Nadu,12.3134,77.8065,12/06/2024,27.5,3287,
Uttar Pradesh,26.8203,81.5108,28/08/2024,87.3,4876,
Assam,24.7111,91.6852,14/10/2024,12.8,4005,
Maharashtra,19.8221,75.4126,17/06/2024,111.9,4376,
Tamil Nadu,11.7472,77.7981,01/06/2024,57.7,3622,
West Bengal,23.1013,88.2414,17/10/2024,38.7,4018,
Uttar Pradesh,27.6727,79.6744,13/10/2024,13.7,4049,
Tamil Nadu,11.1782,78.4863,17/10/2024,12.8,3374,
West Bengal,22.1889,87.0977,05/08/2024,83.4,4519,
Assam,26.7424,92.5449,27/10/2024,0,4180,
Assam,27.6966,90.3994,16/09/2024,72.9,4702,
West Bengal,21.878,89.816,08/11/2024,0,3931,
Tamil Nadu,12.5654,78.9596,27/08/2024,71.2,4081,
Kerala,10.2793,76.5439,08/07/2024,136.2,4797,
Tamil Nadu,10.6218,77.5524,20/09/2024,97.9,4152,
Gujarat,21.3739,72.5427,06/09/2024,104.7,4142,
Odisha,21.7013,85.3872,16/10/2024,0,3829,
Tamil Nadu,9.7735,78.2966,09/08/2024,72.6,3732,
Bihar,27.296,86.1603,23/10/2024,8.3,4134,
Tamil Nadu,10.6559,79.7918,20/06/2024,111,3962,
West Bengal,23.562,87.0375,26/09/2024,20.1,4335,
West Bengal,23.015,88.1536,20/11/2024,0,3586,
Assam,26.283,91.9865,04/06/2024,53.5,4855,
Karnataka,14.5976,76.0489,19/06/2024,119.2,5388,
Odisha,21.6088,85.7012,11/10/2024,8.8,3871,
Gujarat,22.4684,72.38,06/06/2024,124.4,4638,
Assam,24.8725,92.945,15/11/2024,19.1,3921,
Uttar Pradesh,25.4699,79.8202,06/08/2024,111.8,4357,
Karnataka,15.2198,74.9373,25/11/2024,3.1,3192,
Assam,25.0614,90.8926,27/10/2024,5.1,3963,
Maharashtra,19.6482,76.6,05/07/2024,19.7,3660,
Odisha,21.0336,84.0898,09/10/2024,0,3559,
Maharashtra,18.4456,76.7154,05/10/2024,0,3565,
Gujarat,21.6321,69.7527,03/07/2024,39.9,3432,
Karnataka,13.9809,76.8604,21/09/2024,65.6,3672,
Karnataka,16.5459,76.2734,23/09/2024,86.2,4490,
Gujarat,21.2881,71.6272,25/06/2024,138.4,5193,
Odisha,21.8067,85.4496,21/08/2024,81.5,5155,
West Bengal,22.6157,88.5277,28/11/2024,24.7,3881,
West Bengal,23.5103,88.5743,02/11/2024,39.8,3924,
West Bengal,21.3247,86.9142,04/07/2024,52.2,4052,
Kerala,11.4685,76.9526,08/06/2024,31.8,3717,
Tamil Nadu,11.763,79.6658,29/09/2024,0,3282,
Uttar Pradesh,25.9147,81.0727,08/07/2024,0,4030,
Kerala,10.7317,77.4758,05/10/2024,20.7,3552,
Bihar,25.6986,85.9248,08/10/2024,0,3792,
Gujarat,22.2496,70.4698,05/08/2024,91.3,4267,
Karnataka,14.7887,75.9573,08/08/2024,121.8,4446,
Karnataka,15.1313,75.8426,03/09/2024,129.4,4802,
Maharashtra,20.7546,76.5846,22/11/2024,17.5,3456,
Odisha,21.8393,85.9181,27/08/2024,62.9,5065,
Odisha,22.2244,83.4404,01/11/2024,9.9,3654,
Assam,25.2586,92.8574,28/07/2024,130.6,4578,
Maharashtra,19.1603,76.3206,29/06/2024,158.5,5714,
Odisha,19.6202,83.6307,12/09/2024,118.4,5198,
Gujarat,22.5555,70.5399,04/06/2024,16.3,3485,
West Bengal,22.3709,87.4097,14/10/2024,15.5,3850,
Assam,26.0534,90.7724,20/09/2024,21.9,4099,
Maharashtra,19.9784,76.6887,22/08/2024,93.3,4979,
Uttar Pradesh,26.8041,79.8063,19/08/2024,42.4,3823,
Gujarat,22.3263,71.1136,09/09/2024,100.5,4180,
Uttar Pradesh,25.9626,80.4252,27/06/2024,48.1,4639,
Odisha,20.7237,84.591,12/09/2024,110.3,5344,
Bihar,27.0017,85.2213,01/11/2024,6.9,3694,
Kerala,10.257,76.8384,02/08/2024,105.7,4465,
Odisha,21.9484,84.2832,06/10/2024,20,4006,
Maharashtra,18.8402,76.4221,19/11/2024,0,3241,
Uttar Pradesh,26.4111,79.4593,06/09/2024,85.7,4866,
West Bengal,22.2991,88.3231,16/07/2024,94.3,4482,
Kerala,10.7182,77.9147,01/07/2024,6.1,3541,
Kerala,10.9905,75.0821,13/09/2024,73.6,4577,
Kerala,11.3733,76.7344,11/06/2024,70.9,4473,
Gujarat,22.0607,70.4185,26/06/2024,31.8,3917,
Maharashtra,19.3366,76.9516,29/10/2024,10.9,3509,
West Bengal,22.4328,88.6136,14/09/2024,121.2,4909,
Gujarat,22.1164,71.7205,25/11/2024,23.4,3945,
Tamil Nadu,10.9498,80.1334,26/08/2024,109.2,4271,
Tamil Nadu,10.0958,78.8381,12/07/2024,38.9,3583,
Gujarat,22.9641,70.34,28/11/2024,15.1,3220,
Uttar Pradesh,25.8982,79.8642,25/07/2024,135.3,4799,
Karnataka,14.4206,76.724,22/07/2024,43,3375,
Odisha,19.9813,84.8593,12/09/2024,64.6,4523,
Gujarat,23.6911,70.6054,09/10/2024,0,3126,
Assam,24.7241,91.1806,04/09/2024,95.3,4711,
West Bengal,22.2071,87.8668,11/06/2024,70.4,3817,
West Bengal,22.6505,89.8484,13/07/2024,62.8,4818,
Uttar Pradesh,25.4838,81.3485,15/08/2024,49.4,3999,
West Bengal,23.0579,87.0657,27/11/2024,24.3,3692,
Bihar,24.5948,86.3766,14/08/2024,49.9,4335,
Uttar Pradesh,27.7381,81.2191,01/11/2024,9.5,4099,
Maharashtra,20.5559,76.9439,03/09/2024,140,5336,
West Bengal,22.7151,89.0457,07/10/2024,0,3432,
West Bengal,23.9185,87.997,30/06/2024,2.3,3658,
Bihar,26.3337,86.064,09/09/2024,51.3,4353,
Gujarat,22.7632,71.5051,07/06/2024,48.8,3715,
Tamil Nadu,11.1959,79.9743,20/09/2024,76.3,3628,
Tamil Nadu,9.9471,80.1597,22/06/2024,67.2,3840,
Gujarat,23.2404,72.0921,23/07/2024,71.4,4121,
Maharashtra,19.6347,76.2979,07/08/2024,13.8,3607,
Maharashtra,20.1036,74.3899,28/10/2024,12.7,3839,
Maharashtra,19.4519,76.6491,29/06/2024,106.1,4546,
West Bengal,23.0612,87.0474,05/06/2024,80.1,4770,
Tamil Nadu,12.2312,79.1775,20/08/2024,40.8,3357,
Tamil Nadu,11.096,78.1104,08/08/2024,29.9,3691,
Karnataka,13.9756,74.3274,28/07/2024,53.9,3977,
Uttar Pradesh,25.7966,81.1102,24/06/2024,48.6,4104,
Odisha,21.2214,83.6548,16/08/2024,80.3,4277,
Gujarat,21.6186,72.0153,16/06/2024,90.4,4213,
Maharashtra,18.5437,74.4901,29/07/2024,66.8,4217,
Gujarat,22.3151,71.122,31/08/2024,104.3,4854,
Kerala,11.2352,76.5925,03/11/2024,0,3658,
Odisha,20.7263,84.8257,11/08/2024,26.5,4076,
Karnataka,14.4695,75.7205,15/08/2024,113.7,3877,
Kerala,9.6555,76.7633,19/07/2024,90.9,3897,
Maharashtra,18.7915,75.0905,29/09/2024,17.6,3480,
Assam,25.1699,90.8344,13/11/2024,7,4107,
Uttar Pradesh,26.6228,81.3793,09/06/2024,64.9,4343,
Bihar,26.9063,86.1368,01/09/2024,131.3,4521,
Odisha,21.1582,85.3532,14/11/2024,0,3793,
Uttar Pradesh,27.1736,81.9329,16/09/2024,23.4,4141,
Odisha,21.706,83.5646,29/08/2024,45.9,3980,
Kerala,10.1532,76.7167,14/08/2024,63.6,3830,
Tamil Nadu,9.9001,77.2842,07/09/2024,71.1,4050,
Odisha,21.2307,85.9123,12/06/2024,23.1,3917,
West Bengal,21.2195,89.7651,01/07/2024,4,3774,
Kerala,9.624,77.7602,25/11/2024,17.2,3757,
Maharashtra,19.9924,74.6606,14/10/2024,19,3902,
Tamil Nadu,11.855,79.2576,08/06/2024,56.9,3403,
Kerala,11.3687,75.5563,03/09/2024,64.2,3951,
Assam,25.3443,90.7993,11/11/2024,0,3897,
West Bengal,23.2232,89.8845,05/09/2024,46.3,4492,
Maharashtra,18.5354,75.8369,07/11/2024,0,3429,
Gujarat,22.6186,71.2034,15/09/2024,128.8,4962,
Karnataka,16.3598,75.5722,10/11/2024,13.9,3455,
West Bengal,21.7377,87.6832,17/07/2024,65.9,4066,
Karnataka,16.2212,76.2174,19/10/2024,8.1,3244,
Tamil Nadu,9.7376,77.9074,06/08/2024,107.5,3759,
Kerala,11.2677,75.9953,04/07/2024,50.2,3749,
Uttar Pradesh,26.6128,81.9709,13/09/2024,27.6,4146,
Karnataka,16.1025,75.1134,05/09/2024,18.5,3613,
Tamil Nadu,12.4891,77.7444,26/10/2024,0,3342,
Maharashtra,21.1847,76.705,09/11/2024,0,3388,
Tamil Nadu,12.4532,79.1639,10/08/2024,48.9,3429,
Karnataka,16.5884,75.5314,07/06/2024,172.3,5804,
Uttar Pradesh,26.3114,81.2533,16/06/2024,14.2,4121,
Assam,25.4263,90.7476,01/10/2024,16.4,4371,
Bihar,25.3634,84.8286,08/10/2024,0,4066,
Assam,27.6302,91.4924,02/08/2024,0,4100,
Karnataka,14.9968,76.1098,19/10/2024,0,3400,
Kerala,8.6697,77.651,07/07/2024,47.1,3827,
Tamil Nadu,11.6093,80.037,02/06/2024,24.3,3233,
West Bengal,21.6855,89.3944,12/09/2024,71,4673,
Odisha,22.0487,85.4656,29/10/2024,16.7,4055,
Assam,26.4498,90.2499,10/09/2024,104.1,5637,
Karnataka,14.9133,74.3497,07/06/2024,121,5181,
Kerala,8.5753,76.8026,07/09/2024,35.4,4097,
West Bengal,21.9251,89.0868,18/08/2024,72.8,3984,
Bihar,26.3703,85.407,07/09/2024,49,4068,
Assam,27.0909,91.492,16/06/2024,5.8,4360,
West Bengal,23.1812,87.1749,09/11/2024,15.9,3662,
Uttar Pradesh,26.8575,79.9822,03/06/2024,81.2,4437,
Odisha,20.8585,83.4889,12/10/2024,0,3660,
Karnataka,16.6931,74.7474,21/09/2024,20.9,3354,
West Bengal,21.2915,89.321,13/09/2024,105.7,4200,
Maharashtra,21.0601,75.5827,16/11/2024,6.4,3372,
Uttar Pradesh,27.8509,80.1707,03/07/2024,19.9,3955,
Karnataka,14.4957,77.1524,18/09/2024,13.5,3576,
Tamil Nadu,9.6609,79.7372,30/07/2024,29.5,3393,
Tamil Nadu,11.7892,79.5216,14/08/2024,69.6,4111,
Kerala,10.2536,76.3271,20/07/2024,25.2,3510,
Uttar Pradesh,26.0949,79.8674,03/07/2024,61,4554,
Karnataka,15.7329,75.3812,25/11/2024,12.3,3184,
Odisha,21.7015,85.9505,01/11/2024,11.6,3858,
Karnataka,14.9545,75.1688,13/09/2024,80.4,4155,
Maharashtra,18.715,75.8568,09/10/2024,0,3433,
Uttar Pradesh,27.0812,80.9215,31/07/2024,81.3,4571,
Assam,25.0724,90.6148,06/09/2024,100.4,5305,
Bihar,26.0419,84.07,06/08/2024,117.4,4331,
West Bengal,22.1592,87.2147,15/10/2024,46.1,4158,
Tamil Nadu,11.0227,78.0925,02/08/2024,31,3806,
Maharashtra,21.1782,75.6067,19/10/2024,36,3828,
Uttar Pradesh,26.5304,80.8298,26/11/2024,0,3762,
Maharashtra,18.8205,76.5652,10/10/2024,19.2,3818,
Uttar Pradesh,27.1073,82.0407,07/09/2024,57.8,3960,
Tamil Nadu,11.4415,78.9944,28/06/2024,159.7,5143,
Assam,24.8462,91.7739,14/10/2024,6.5,3966,
Odisha,20.8961,84.7624,13/09/2024,31,3774,
Kerala,8.9778,77.4179,01/09/2024,45.2,3972,
West Bengal,23.9902,86.9584,01/11/2024,29,3616,
Odisha,21.674,84.1481,12/06/2024,64.3,4661,
Gujarat,21.3003,70.7911,29/08/2024,90.6,5036,
Uttar Pradesh,27.4706,80.7325,05/06/2024,57.9,4958,
Bihar,26.5987,86.7681,18/08/2024,43.5,4138,
Karnataka,16.0804,75.7379,01/09/2024,91.7,4113,
Gujarat,21.2504,72.6339,01/09/2024,102.6,4120,
Assam,25.8541,91.749,05/09/2024,66,5177,
Uttar Pradesh,25.5563,79.664,24/08/2024,40.3,4017,
Uttar Pradesh,26.9014,81.3165,05/07/2024,1.5,3546,
West Bengal,21.896,87.2202,12/08/2024,114.3,4300,
Assam,26.5436,91.26,31/08/2024,61.6,4397,
Maharashtra,19.2398,76.9307,21/08/2024,105.4,4304,
Odisha,19.4637,85.0959,21/09/2024,88.4,4614,
Bihar,26.4695,84.1253,03/09/2024,57.3,4428,
Tamil Nadu,9.614,77.8115,20/08/2024,154.1,4810,
Maharashtra,20.8452,75.7877,25/06/2024,45.1,3598,
Tamil Nadu,9.8243,77.4015,02/06/2024,62,4134,
Odisha,20.4954,83.1986,10/08/2024,69.7,4788,
Gujarat,22.0053,71.2352,03/07/2024,120.8,3991,
Kerala,11.3789,77.877,07/06/2024,65.8,4018,
Uttar Pradesh,27.7765,81.9146,13/08/2024,26.2,3970,
Uttar Pradesh,25.5594,80.1277,13/07/2024,17.3,3778,
Odisha,21.5738,85.0141,11/10/2024,16.8,3728,
Maharashtra,20.1547,76.2023,13/10/2024,0,3349,
Karnataka,15.3239,75.8993,31/07/2024,66.1,4072,
Bihar,25.8811,83.9355,31/08/2024,31,4334,
Tamil Nadu,12.0003,79.4062,15/08/2024,34.1,3665,
Tamil Nadu,11.5603,79.4449,08/11/2024,11.2,3384,
Maharashtra,18.4103,75.9544,22/08/2024,88.8,4709,
Kerala,10.0745,77.5394,17/10/2024,0,3400,
Gujarat,23.3097,72.6989,26/10/2024,2.1,3166,
Uttar Pradesh,25.9342,82.2322,16/07/2024,37.2,4328,
Bihar,25.0674,84.7341,02/06/2024,60,4044,
Karnataka,15.7263,75.7488,02/08/2024,108.3,4281,
Karnataka,15.4397,74.8597,25/08/2024,16.3,3171,
Gujarat,23.6942,70.3978,18/11/2024,36.3,3964,
Uttar Pradesh,26.4197,81.422,28/06/2024,72.2,4670,
Karnataka,16.3721,76.5073,15/07/2024,29.3,3415,
Assam,25.8188,92.4394,31/08/2024,128.8,5458,
Karnataka,16.4958,74.5169,07/10/2024,13.5,3523,
Assam,26.1128,92.8472,07/09/2024,34.6,4475,
Assam,25.4706,92.9636,08/07/2024,65,4401,
Tamil Nadu,9.9555,77.3088,06/08/2024,22,3805,
Assam,25.5275,90.4234,20/11/2024,1.7,4156,
Kerala,9.9616,75.7264,20/07/2024,39.7,4028,
Gujarat,22.1709,72.0179,05/07/2024,66.9,3999,
Gujarat,22.049,69.9141,25/06/2024,0,3158,
Uttar Pradesh,28.1086,81.0468,28/10/2024,16,3696,
Bihar,24.6635,84.2704,10/09/2024,105.1,5371,
Bihar,26.2315,86.6559,09/07/2024,58,4687,
Tamil Nadu,11.2958,79.0485,23/06/2024,47,3652,
West Bengal,23.9694,89.6786,25/10/2024,0,3689,
Assam,27.5833,91.8401,07/07/2024,46.8,4473,
Karnataka,14.1064,76.2691,07/10/2024,33.7,3233,
West Bengal,21.9443,89.6217,27/09/2024,102.8,4829,
Karnataka,16.1931,76.1704,13/08/2024,0,3203,
Uttar Pradesh,26.8318,82.245,14/10/2024,6.6,4120,
Karnataka,16.7917,75.1174,18/11/2024,37.3,3509,
Karnataka,13.9022,75.6256,21/09/2024,28.7,3671,
Karnataka,15.6746,75.8744,17/06/2024,56.5,3782,
Bihar,26.6791,85.5033,05/10/2024,0,3881,
Karnataka,14.4771,74.3168,21/08/2024,100.9,3941,
Gujarat,21.1246,70.4018,14/09/2024,57.5,3905,
Odisha,22.2072,85.8821,01/11/2024,0,3685,
Odisha,21.9837,83.288,12/11/2024,0,3818,
Gujarat,22.2141,70.3248,30/07/2024,53.9,3809,
Karnataka,14.1312,76.0174,02/11/2024,0,3212,
Tamil Nadu,10.6933,80.0006,20/11/2024,0,3258,
Gujarat,21.6848,71.8541,01/09/2024,75.5,3874,
Gujarat,22.7115,70.5555,22/06/2024,94.7,4782,
Kerala,11.1564,77.2407,31/07/2024,140.4,6081,
Karnataka,16.0778,76.8683,12/06/2024,0,3330,
West Bengal,21.8685,87.0026,10/06/2024,91.2,4429,
West Bengal,21.3192,89.352,28/07/2024,85.5,4492,
Karnataka,15.2371,75.0528,26/10/2024,7.1,3381,
Assam,27.6444,92.8102,07/08/2024,104,4998,
Maharashtra,20.8503,75.9945,28/06/2024,49.5,3652,
Assam,25.4804,92.9454,25/08/2024,146.9,5579,
Maharashtra,19.9805,75.754,05/10/2024,8.8,3502,
Gujarat,23.5551,70.9586,25/06/2024,83.5,3969,
Tamil Nadu,10.1274,78.1111,05/09/2024,32.3,3608,
Kerala,9.4676,75.0571,26/06/2024,130.1,4516,
Bihar,27.2506,84.0483,06/06/2024,89.8,4265,
Bihar,26.692,86.6063,07/10/2024,0,3772,
West Bengal,21.3573,87.5951,02/09/2024,100.9,4254,
Gujarat,22.6648,72.6069,05/06/2024,45.9,3858,
Assam,27.1528,92.7235,28/09/2024,35.1,4630,
Bihar,25.9521,85.4904,15/11/2024,44.2,4454,
Odisha,19.7366,83.6314,17/11/2024,0,3806,
West Bengal,23.003,87.3796,30/07/2024,0,3699,
Gujarat,20.8174,72.1124,26/11/2024,28.3,3779,
Gujarat,22.4111,71.8404,19/11/2024,0,3226,
Uttar Pradesh,26.8154,81.1228,31/10/2024,21.2,3786,
Kerala,8.5374,77.89,02/07/2024,52.7,4101,
Gujarat,21.2417,71.3974,02/07/2024,15,3323,
Odisha,19.5711,85.8198,15/07/2024,20.5,4122,
Kerala,9.6243,75.4711,25/10/2024,1,3591,
Bihar,24.5818,86.2597,09/11/2024,19.7,3785,
West Bengal,21.444,89.0619,04/11/2024,37.7,4440,
Bihar,27.1067,83.8825,15/07/2024,12.6,3828,
Gujarat,21.1941,72.3518,15/06/2024,60,3732,
Kerala,10.9574,77.6336,04/11/2024,21.5,3621,
Uttar Pradesh,25.7645,80.1595,08/06/2024,96.4,4707,
Bihar,27.1692,86.0459,01/06/2024,67.5,4312,
West Bengal,22.7505,88.6939,06/06/2024,35,3774,
Uttar Pradesh,27.6047,80.9291,21/10/2024,0,3536,
Maharashtra,21.0782,77.1021,26/07/2024,37.2,3954,
Gujarat,21.5946,70.7244,07/08/2024,0,3471,
Kerala,9.0666,75.522,29/09/2024,16.1,3524,
Karnataka,13.8122,75.9303,03/10/2024,0,3283,
West Bengal,22.3251,86.9686,14/07/2024,62.3,4525,
Maharashtra,20.8398,76.694,02/11/2024,10.5,3828,
Maharashtra,20.7711,74.4944,06/07/2024,26.6,3983,
Kerala,8.9041,77.4884,10/06/2024,65.4,4075,
Kerala,9.4138,76.9274,18/09/2024,51.3,3829,
Bihar,25.9705,85.8902,03/06/2024,38.7,4222,
Bihar,26.4591,86.4539,31/07/2024,70.8,4136,
Kerala,9.5967,75.7319,27/07/2024,35.6,4024,
Odisha,21.7597,85.0658,07/10/2024,13.5,3808,
Bihar,25.8728,84.6353,14/09/2024,54.3,4287,
Odisha,19.7464,83.635,04/08/2024,72.7,4621,
West Bengal,22.5081,88.6742,13/11/2024,26.4,3708,
Karnataka,16.1631,76.3991,21/06/2024,33,3555,
West Bengal,21.7409,87.3015,19/11/2024,7.8,3565,
Maharashtra,20.4672,76.1762,23/10/2024,0,3506,
Odisha,21.246,85.659,14/10/2024,1.8,3980,
Assam,27.0875,92.388,28/09/2024,109.6,4695,
Bihar,26.1371,86.6516,16/10/2024,0,3803,
Kerala,8.9045,77.1921,27/06/2024,29.2,4219,
Uttar Pradesh,27.8416,79.6367,13/08/2024,83.3,4433,
Kerala,8.7203,76.2538,24/07/2024,88.4,3823,
Gujarat,22.4421,70.0609,05/07/2024,116.7,5371,
Odisha,21.0716,84.1926,19/06/2024,98.2,4789,
Uttar Pradesh,26.4923,82.0978,01/10/2024,0,3737,
Tamil Nadu,9.7235,77.5166,13/11/2024,29,3653,
Odisha,20.1568,85.2047,24/06/2024,57.5,4037,
Assam,26.3504,91.0743,19/11/2024,13.2,4054,
Assam,25.8382,91.576,20/08/2024,27.8,4282,
Kerala,10.159,76.9965,23/09/2024,0,3327,
Maharashtra,18.2461,76.511,13/06/2024,0,3379,
Bihar,24.4591,85.9522,23/08/2024,88.5,4916,
West Bengal,21.189,87.7945,16/11/2024,25.9,3808,
Odisha,19.6635,83.5852,20/10/2024,11.6,3797,
Tamil Nadu,11.8587,77.8647,22/08/2024,30.7,3618,
Bihar,25.2306,85.929,18/10/2024,8.3,3970,
Assam,26.4098,90.3214,07/10/2024,22.6,3984,
Odisha,21.8185,84.0476,14/11/2024,7.2,3685,
Kerala,10.8585,75.0594,28/09/2024,105,4857,
Odisha,19.8857,83.7241,13/11/2024,0,3848,
Assam,26.174,92.578,21/06/2024,86.7,4709,
Odisha,19.4434,85.4694,31/07/2024,56.2,4186,
Bihar,25.1818,85.1948,27/06/2024,0,3791,
Odisha,21.6263,84.283,27/11/2024,18.9,3816,
West Bengal,23.3857,89.32,20/07/2024,108.7,4733,
Odisha,22.0079,84.1789,25/09/2024,65.3,4622,
Bihar,26.1521,86.0611,12/10/2024,24.7,4166,
Gujarat,22.8653,70.1521,03/10/2024,12.7,3628,
Assam,26.857,90.6642,04/09/2024,0,4032,
Odisha,20.0199,85.001,26/11/2024,4.9,3548,
Gujarat,22.3357,71.5008,21/10/2024,4.6,3606,
Bihar,26.0502,86.744,15/08/2024,69.3,4218,
Gujarat,22.0968,72.6725,26/06/2024,46.7,3692,
Maharashtra,18.5919,74.2582,02/10/2024,0,3624,
Tamil Nadu,12.0218,79.763,10/09/2024,65.3,3532,
Karnataka,16.7105,75.9313,02/09/2024,93.8,3769,
Assam,26.8447,92.2924,17/09/2024,76.4,4487,
Gujarat,21.0285,72.2588,20/07/2024,60.6,3697,
Assam,27.0928,90.2883,11/11/2024,37.4,4428,
Gujarat,23.372,71.874,22/10/2024,16.9,3230,
Assam,27.465,92.4202,24/07/2024,92,5182,
Tamil Nadu,11.8958,78.5777,03/09/2024,26.6,3295,
West Bengal,22.2003,89.7828,07/10/2024,14.6,3543,
Maharashtra,19.3699,74.9761,26/10/2024,35.5,4332,
Assam,26.0202,92.1378,07/06/2024,53.4,4931,
Assam,24.7502,91.5034,28/09/2024,11,4437,
Kerala,9.849,77.2586,17/07/2024,105.1,4535,
Bihar,26.9831,86.4578,21/08/2024,79.5,4645,
Bihar,25.4472,85.7823,02/11/2024,3.5,3859,
Maharashtra,21.0624,75.2435,20/10/2024,26.5,4123,
Tamil Nadu,12.5396,77.7037,28/06/2024,50.4,4221,
Maharashtra,19.5875,77.1447,16/09/2024,15.2,3634,
Kerala,9.6065,75.6173,18/07/2024,8.6,3691,
Gujarat,22.9135,70.2696,04/11/2024,0,3191,
Tamil Nadu,11.6469,79.9089,09/06/2024,36.8,3386,
Assam,24.8023,91.9224,16/06/2024,86.3,4990,
Maharashtra,19.5818,76.5886,07/06/2024,6.6,3489,
West Bengal,23.6686,87.6768,04/06/2024,93,4452,
Kerala,9.419,76.4192,15/09/2024,0,3589,
Bihar,26.5309,85.1791,28/10/2024,5.1,3736,
Gujarat,22.1659,69.7001,16/11/2024,4.9,3397,
Bihar,24.4128,84.5244,12/11/2024,40.6,4091,
Odisha,21.1025,84.475,06/10/2024,14.1,3959,
Bihar,24.8828,86.6012,20/10/2024,2.6,3946,
Odisha,21.8786,83.5119,06/08/2024,7.8,3518,
Karnataka,13.8018,75.725,19/08/2024,38.8,3552,
Gujarat,21.1096,70.321,22/07/2024,75.2,4050,
Tamil Nadu,10.3685,78.4911,15/07/2024,62,3875,
Assam,26.1549,92.2148,08/11/2024,0.5,3866,
Tamil Nadu,10.8265,78.3705,27/07/2024,20,3333,
Uttar Pradesh,26.1153,82.048,19/07/2024,86.6,4548,
West Bengal,23.3523,87.2956,19/08/2024,29.2,3584,
Uttar Pradesh,28.2737,79.7194,02/09/2024,0,3693,
Assam,27.1336,91.3229,22/07/2024,128.2,5844,
Odisha,22.1311,85.1654,10/08/2024,99.8,5515,
Tamil Nadu,12.0886,77.7013,08/10/2024,0,3240,
Bihar,25.9188,86.3329,04/10/2024,0,3999,
Uttar Pradesh,26.7938,79.7388,28/11/2024,0,3754,
Gujarat,21.0225,71.0022,27/09/2024,36.5,3389,
Karnataka,16.3703,76.0006,29/10/2024,31.3,3528,
Kerala,8.8768,76.8721,18/10/2024,32.4,3637,
Uttar Pradesh,26.6125,81.7095,14/07/2024,14.9,3692,
Uttar Pradesh,28.2519,81.9485,23/11/2024,9.1,3721,
West Bengal,22.4696,87.4877,07/07/2024,85.8,4784,
Gujarat,21.9952,71.6349,08/07/2024,68.2,4482,
Maharashtra,20.1793,74.3616,22/08/2024,51.3,3834,
Kerala,10.5941,77.5999,08/09/2024,58.1,3926,
Kerala,8.7336,75.2545,12/06/2024,89.6,4193,
Odisha,21.6427,83.3867,09/10/2024,7.2,3634,
Uttar Pradesh,27.0964,79.5164,20/08/2024,165.4,4544,
Bihar,25.8145,84.1774,02/09/2024,73.1,4944,
Tamil Nadu,12.5628,79.7958,28/09/2024,49.5,3770,
Tamil Nadu,12.193,78.5163,15/11/2024,0,3270,
Bihar,27.1547,83.8456,26/06/2024,99,4462,
Uttar Pradesh,28.2763,81.6683,25/06/2024,67.3,5200,
Odisha,20.9829,84.2432,22/06/2024,72.1,3969,
Assam,25.2895,92.132,23/09/2024,0,4159,
West Bengal,22.9586,88.1544,12/09/2024,118.9,4244,
West Bengal,22.9646,88.5636,13/06/2024,55.2,3873,
Maharashtra,19.7592,74.623,10/06/2024,98.4,4517,
Assam,25.1473,91.3289,28/10/2024,10.7,4320,
Bihar,26.8476,84.6682,31/07/2024,78.6,4464,
Karnataka,14.3033,76.0924,12/08/2024,24.1,3623,
Maharashtra,18.6144,76.9689,03/10/2024,0,3320,
Uttar Pradesh,25.7392,81.8232,01/06/2024,65.8,3947,
West Bengal,21.3388,89.046,28/08/2024,32.9,4131,
Assam,24.7927,91.8204,04/10/2024,10.6,4154,
Odisha,20.6854,84.3245,24/09/2024,45.7,4465,
Assam,25.5867,91.8963,15/09/2024,18.9,4623,
Maharashtra,20.7457,75.4426,06/06/2024,83.9,4209,
Bihar,26.8499,86.3949,02/10/2024,20.9,4160,
Bihar,27.2494,86.2157,17/11/2024,8.3,4195,
Assam,24.8156,90.2333,16/09/2024,49.9,4490,
West Bengal,22.138,87.5047,06/10/2024,16.5,3892,
Assam,25.5297,92.0914,29/10/2024,32.4,4612,
Gujarat,20.9109,69.938,14/06/2024,12.3,3775,
Uttar Pradesh,25.7394,81.0854,05/10/2024,14.5,3807,
Kerala,8.8081,77.2386,11/09/2024,90.9,3979,
Odisha,20.5159,84.5626,24/11/2024,5.1,3515,
Uttar Pradesh,27.2995,80.4077,13/09/2024,71.8,4993,
West Bengal,22.2942,88.3201,27/08/2024,85.4,5000,
Karnataka,14.6277,75.598,11/08/2024,42.6,3912,
Odisha,19.7761,83.647,16/10/2024,18.9,3713,
Bihar,27.1089,85.0201,20/08/2024,50.8,4264,
Kerala,10.069,76.4283,15/09/2024,66.1,4489,
Assam,25.2799,92.4264,21/10/2024,22,4271,
Uttar Pradesh,25.491,80.2227,02/10/2024,36.8,4298,
West Bengal,21.237,89.1282,25/06/2024,48.1,4279,
Uttar Pradesh,27.0692,80.9776,19/07/2024,34.2,3753,
Tamil Nadu,9.68,79.6286,08/11/2024,0,3404,
Kerala,9.8742,75.3226,15/06/2024,0,3473,
Kerala,10.3058,76.7625,17/09/2024,0,3649,
Karnataka,16.2049,74.4195,27/10/2024,0,3202,
Gujarat,22.7936,72.0317,24/09/2024,61.5,3652,
Bihar,25.2195,84.8844,27/09/2024,116.6,5403,
Odisha,20.9726,83.3307,22/06/2024,55.2,4077,
Tamil Nadu,10.4672,78.0601,13/08/2024,12.2,3131,
Gujarat,22.429,71.9507,13/09/2024,61.4,3843,
West Bengal,21.9709,89.4256,14/08/2024,69.2,4574,
Assam,24.9447,90.8328,23/11/2024,0,4026,
Tamil Nadu,12.4083,78.7123,24/10/2024,14.7,3453,
West Bengal,22.0556,87.6432,22/11/2024,14.7,3610,
Tamil Nadu,10.1542,79.4583,23/08/2024,65,3866,
Karnataka,15.1286,75.3598,21/11/2024,15.5,3432,
Tamil Nadu,12.063,79.8777,18/11/2024,10.1,3187,
Tamil Nadu,11.623,79.0223,02/08/2024,0,3234,
Kerala,8.9983,76.5112,08/09/2024,104.8,4893,
Maharashtra,18.2647,74.9219,12/10/2024,16.5,3461,
Odisha,22.2886,83.4293,02/09/2024,0,3968,
Bihar,24.4954,86.4831,12/07/2024,39.4,4100,
Gujarat,23.3859,71.4775,24/08/2024,0,3321,
Assam,26.3035,90.3799,05/11/2024,0,4207,
Karnataka,16.1978,77.0524,20/09/2024,107.2,4262,
Karnataka,15.6189,77.1545,08/11/2024,0,3210,
Maharashtra,18.4734,77.1168,08/10/2024,24.9,3674,
Karnataka,14.2488,76.6076,02/11/2024,7.2,3293,
Gujarat,22.5549,71.4323,19/08/2024,106.5,4623,
West Bengal,23.6395,88.5892,12/11/2024,0,3540,
Karnataka,14.972,76.8756,25/07/2024,91.4,4318,
Kerala,10.6374,75.0119,11/06/2024,43.4,4034,
Kerala,9.829,75.706,10/06/2024,0,3944,
Kerala,9.2479,76.2089,27/11/2024,8.3,3484,
West Bengal,23.1281,89.3491,10/07/2024,35.2,3628,
Gujarat,23.1821,70.9618,02/06/2024,65.5,3704,
Assam,27.0663,90.7292,04/07/2024,62.7,4370,
Karnataka,14.5495,76.2898,08/09/2024,69.4,3643,
Odisha,22.1625,84.2616,03/06/2024,14.2,4019,
Odisha,19.7774,85.7827,21/08/2024,108.6,4065,
Uttar Pradesh,26.4949,81.6167,04/06/2024,49.8,4613,
Assam,27.652,90.8919,20/09/2024,95.6,5096,
Assam,25.3938,93.1254,28/11/2024,22.4,3942,
West Bengal,23.392,87.0842,25/07/2024,41.6,3775,
Tamil Nadu,10.5222,77.4112,06/10/2024,10,3336,
West Bengal,23.4883,89.5825,10/08/2024,43.7,3689,
Bihar,26.1976,85.0852,18/07/2024,36.2,4244,
Gujarat,23.4562,72.2625,09/06/2024,36.3,3900,
Kerala,10.9705,75.4231,29/09/2024,67,4329,
Assam,26.1946,91.347,27/06/2024,30.2,4055,
Karnataka,16.1627,75.2296,07/06/2024,94.3,4298,
Uttar Pradesh,26.3085,79.8422,05/07/2024,2.4,3557,
Maharashtra,19.397,74.2013,03/08/2024,72.9,4121,
Gujarat,23.027,72.1243,13/08/2024,97.5,4074,
Assam,25.7324,92.4313,09/07/2024,93.2,5166,
Assam,26.6878,92.0634,14/11/2024,26.5,4295,
Tamil Nadu,10.2257,77.7134,30/09/2024,24.2,3440,
Odisha,20.4439,84.964,08/11/2024,60.7,4727,
Kerala,11.2147,75.5598,28/08/2024,10.1,3878,
Uttar Pradesh,25.4823,82.3088,25/11/2024,19.4,4178,
Gujarat,20.9969,72.3158,08/11/2024,4.6,3256,
Gujarat,21.9087,71.8059,22/08/2024,100.6,4320,
West Bengal,23.6378,87.0398,14/07/2024,101.4,4029,
Gujarat,21.7737,71.1488,01/07/2024,42.4,3709,
Karnataka,16.5477,75.2533,17/06/2024,59.3,3900,
Gujarat,22.9335,70.709,14/08/2024,159.5,5056,
Maharashtra,18.7321,74.9865,24/08/2024,82,4667,
Karnataka,14.0799,76.5768,07/10/2024,0,3075,
Gujarat,22.4837,71.818,27/11/2024,0,3310,
West Bengal,23.1895,86.9012,20/09/2024,12,3631,
Gujarat,23.724,72.1623,25/06/2024,0,3516,
West Bengal,22.0545,88.1553,07/11/2024,1.6,3743,
Bihar,24.8101,86.1975,22/11/2024,34.4,4320,
Karnataka,15.4317,76.2814,29/10/2024,0,3469,
Maharashtra,19.8193,74.2371,12/08/2024,0,3368,
Odisha,20.4553,83.5431,17/09/2024,189.6,5616,
West Bengal,21.3399,87.0924,25/06/2024,0,3913,
Kerala,8.9224,75.2162,13/10/2024,13.2,3483,
Karnataka,14.4089,75.5551,04/10/2024,46.4,3790,
Gujarat,22.3473,70.1865,24/11/2024,2.4,3752,
West Bengal,21.4385,89.5766,05/10/2024,4.4,3506,
Karnataka,15.9082,75.9467,06/11/2024,9.8,3381,
Odisha,21.2362,83.5359,05/07/2024,77.6,4255,
West Bengal,21.5429,88.0886,18/09/2024,22.2,4080,
Karnataka,16.0097,76.4815,14/10/2024,22.3,3354,
Assam,26.2696,90.9596,26/06/2024,85.4,5285,
Kerala,10.0159,75.3716,04/06/2024,53,4208,
Uttar Pradesh,28.038,81.1333,22/07/2024,17.2,4016,
Maharashtra,21.0849,74.3679,01/11/2024,1.2,3361,
Kerala,9.6103,77.7424,02/07/2024,53.8,4411,
Tamil Nadu,11.5277,79.2751,20/11/2024,19,3223,
Gujarat,22.0782,70.7294,29/06/2024,96.3,4127,
Uttar Pradesh,27.7455,80.3686,12/06/2024,81.4,4685,
Tamil Nadu,10.1176,78.1796,20/08/2024,49.7,3935,
Gujarat,22.2314,70.2545,05/07/2024,67.8,4529,
Maharashtra,20.0501,76.2839,03/09/2024,65.7,4292,
Maharashtra,20.2664,74.3263,09/09/2024,24.8,3620,
Gujarat,22.836,70.2425,29/09/2024,74.7,3932,
Maharashtra,19.2954,76.9939,13/08/2024,12.9,3876,
Maharashtra,20.768,74.5724,14/11/2024,33.8,3485,
West Bengal,22.5001,87.3437,29/09/2024,32.1,3928,
Tamil Nadu,11.3899,78.1667,28/08/2024,14,3328,
Bihar,26.0051,85.5966,20/09/2024,93.1,4242,
Maharashtra,18.3476,75.9322,11/09/2024,81.8,3849,
West Bengal,24.0641,87.1244,10/06/2024,108.6,5056,
Assam,26.1718,91.7722,04/06/2024,45.1,4337,
Maharashtra,19.706,76.5164,01/09/2024,28.4,3609,
Gujarat,23.681,70.9756,03/08/2024,65.1,4279,
Odisha,21.3785,85.6298,23/07/2024,103.9,4304,
Odisha,20.7806,85.8367,17/10/2024,0,3716,
Kerala,9.7817,77.5397,28/09/2024,105.4,4087,
Uttar Pradesh,27.3649,82.0262,03/06/2024,102.1,4559,
Karnataka,13.9351,75.4562,29/08/2024,111.5,4688,
Karnataka,15.8135,76.7392,23/11/2024,20.5,3487,
Maharashtra,19.1997,76.3848,28/07/2024,46.2,3772,
Gujarat,22.3484,69.7555,15/06/2024,17.9,3476,
Odisha,22.3407,83.9939,18/07/2024,54,4042,
West Bengal,21.3096,88.0999,10/10/2024,23.4,4061,
Gujarat,22.7084,72.0827,24/07/2024,57.9,4029,
Kerala,8.6041,76.306,23/09/2024,75.2,4567,
Kerala,9.6767,75.175,28/11/2024,39.1,4506,
Uttar Pradesh,27.5347,79.4657,15/06/2024,50.8,4222,
West Bengal,22.336,87.9603,14/10/2024,2.2,3450,
Bihar,26.1837,85.8474,12/09/2024,92.5,4693,
Gujarat,22.0596,70.861,07/08/2024,50.7,3539,
Gujarat,20.9484,72.6232,29/10/2024,19.6,3676,
West Bengal,22.9069,89.4956,11/07/2024,64.6,4710,
Gujarat,22.5358,71.5671,12/10/2024,0,3329,
Odisha,19.9268,84.1916,29/09/2024,37.1,4150,
Odisha,21.495,84.4167,25/08/2024,89,4703,
Uttar Pradesh,26.177,81.6018,19/09/2024,45.7,3922,
West Bengal,24.0336,87.9055,02/08/2024,41.7,3788,
Uttar Pradesh,25.7812,79.8473,29/09/2024,9.8,3722,
Bihar,25.875,85.9099,27/06/2024,0,3718,
Maharashtra,21.031,74.8563,29/07/2024,69,4059,
Kerala,9.688,75.0102,17/08/2024,99.9,4656,
Maharashtra,21.1676,76.4535,08/06/2024,94.4,4189,
Bihar,24.6086,86.1993,11/10/2024,7,3866,
Gujarat,23.3299,70.8662,28/07/2024,67.8,4451,
West Bengal,22.6879,89.592,05/09/2024,73.7,4436,
Odisha,20.9078,84.607,12/07/2024,44.5,4194,
Assam,26.1776,90.3118,04/11/2024,12.1,3927,
Bihar,25.6389,85.1672,07/10/2024,18.9,4434,
Bihar,24.6622,86.4454,10/11/2024,4.2,3894,
Gujarat,23.5453,70.5905,01/08/2024,100.8,5351,
Odisha,21.1715,84.4924,26/07/2024,80.6,4708,
Kerala,10.9364,77.8418,28/07/2024,77.6,4231,
Karnataka,16.7812,75.4828,29/06/2024,92.6,4397,
Kerala,9.7885,76.9255,27/11/2024,42.9,3792,
Bihar,26.5794,86.138,21/09/2024,33.5,4101,
Tamil Nadu,10.0185,78.2119,03/09/2024,54.4,3459,
Tamil Nadu,9.7966,77.2649,08/06/2024,75.2,4040,
Kerala,9.8569,77.5757,05/08/2024,0,3826,
Assam,26.2611,92.1786,25/08/2024,9.7,4323,
Assam,27.497,90.3687,26/06/2024,5.2,3881,
Tamil Nadu,11.5102,77.3138,07/08/2024,119.6,4500,
West Bengal,23.4301,87.7881,31/08/2024,118.7,4520,
Maharashtra,18.8392,77.196,28/06/2024,1.2,3564,
Uttar Pradesh,25.3219,81.0883,31/10/2024,2,3648,
Bihar,25.7727,84.8209,23/06/2024,59.6,4593,
Tamil Nadu,11.0948,78.034,23/09/2024,127.8,4830,
Tamil Nadu,11.1609,78.8749,10/09/2024,102.4,4122,
Karnataka,15.2926,76.3979,25/11/2024,0,3102,
West Bengal,22.3983,89.0389,01/11/2024,10.8,3526,
Karnataka,15.3021,74.7667,13/09/2024,19.2,3440,
Assam,27.2047,91.1276,20/10/2024,29.3,4075,
Kerala,11.4881,77.4653,02/11/2024,19.9,3585,
Odisha,19.7957,84.1768,04/06/2024,90.1,5094,
Karnataka,13.8014,76.5262,12/11/2024,7,3123,
Maharashtra,18.672,74.5338,28/07/2024,49.1,3888,
Bihar,26.533,84.2069,13/11/2024,0.8,3823,
Bihar,25.4738,84.7546,16/08/2024,76.1,4828,
Karnataka,15.3475,75.4992,22/11/2024,19.3,3222,
West Bengal,22.277,88.7585,18/09/2024,11.5,3593,
Gujarat,23.7082,72.2715,07/10/2024,0,3597,
Maharashtra,20.9814,75.8984,01/11/2024,4.3,3414,
Tamil Nadu,10.0078,79.0658,27/07/2024,41.9,3390,
Uttar Pradesh,25.6802,81.69,26/09/2024,10.6,3676,
Gujarat,20.996,72.0505,28/07/2024,56,3568,
Karnataka,14.8434,75.4259,15/10/2024,4.2,3241,
Karnataka,15.9577,74.3587,21/09/2024,39.4,3795,
Assam,24.8021,91.3802,01/11/2024,0,4071,
Maharashtra,20.6525,77.0909,12/10/2024,28.1,3721,
Maharashtra,18.2328,75.2339,15/07/2024,54.7,4468,
Tamil Nadu,10.7561,78.6317,20/06/2024,69.1,4101,
Tamil Nadu,12.52,77.4921,20/08/2024,94.3,4723,
Assam,25.5483,91.006,29/10/2024,0.3,3924,
Assam,25.6536,92.6089,22/08/2024,79.3,5596,
West Bengal,23.2927,86.9422,20/08/2024,25.1,4006,
West Bengal,21.4811,87.6224,15/07/2024,128.5,5266,
Gujarat,20.945,70.4283,13/08/2024,25.2,3677,
West Bengal,23.3805,87.9466,18/08/2024,72.1,4756,
Uttar Pradesh,27.2025,80.0005,31/07/2024,48.8,4673,
Assam,24.8782,91.8853,17/06/2024,0,4153,
Maharashtra,20.1985,76.6897,27/07/2024,132.8,5188,
Gujarat,21.7476,69.8278,01/11/2024,2.4,3365,
Tamil Nadu,11.4557,79.0822,25/08/2024,43,3723,
Karnataka,16.1779,76.7399,09/11/2024,0,3742,
Uttar Pradesh,27.4891,81.9449,28/08/2024,81.7,4318,
Kerala,9.0504,76.3,07/10/2024,15.1,3548,
Uttar Pradesh,27.763,81.2054,07/07/2024,31.3,4374,
Tamil Nadu,10.7741,78.4493,05/06/2024,33,3636,
Assam,27.599,91.1907,03/10/2024,4.9,4157,
Maharashtra,20.1042,76.1395,10/10/2024,14,3298,
Karnataka,16.5772,76.659,01/07/2024,92.1,3894,
Maharashtra,19.8628,76.8365,07/09/2024,68.4,3625,
Tamil Nadu,10.2241,79.3166,07/06/2024,17,3551,
Uttar Pradesh,26.3813,80.7467,08/08/2024,119.4,5212,
Odisha,21.2618,84.0875,25/11/2024,0,3882,
Gujarat,20.8249,72.1108,05/08/2024,92.8,3737,
Uttar Pradesh,25.3049,82.3387,22/08/2024,14.1,3804,
Tamil Nadu,11.0522,77.9525,07/08/2024,61.3,4075,
Kerala,9.7229,76.1931,21/11/2024,0.8,3386,
Maharashtra,18.8588,74.9229,18/11/2024,1.5,3760,
Gujarat,23.028,70.8181,11/07/2024,68.2,3866,
Assam,26.1462,93.0187,15/09/2024,179.2,6452,
Odisha,21.3436,85.6614,25/10/2024,10.1,3620,
Maharashtra,20.9687,76.9154,21/09/2024,31.5,3827,
Kerala,10.3184,77.4345,07/08/2024,79.5,4629,
Gujarat,23.7748,71.1793,29/06/2024,47.8,4046,
Gujarat,21.7537,72.4233,30/07/2024,88.7,4572,
Tamil Nadu,12.5838,78.6927,13/10/2024,31.8,3660,
Uttar Pradesh,26.2985,80.6522,27/11/2024,0,3528,
Karnataka,14.5951,75.9024,16/08/2024,105.2,3955,
Odisha,21.1463,83.3291,23/08/2024,61,4861,
Maharashtra,20.0769,75.866,19/10/2024,0,3266,
Tamil Nadu,12.2283,77.9494,15/11/2024,16.5,3210,
Uttar Pradesh,26.9845,80.2403,01/06/2024,57.5,4868,
Tamil Nadu,9.8776,79.9271,17/07/2024,75.3,3876,
Karnataka,14.5326,75.4464,26/09/2024,106.9,3721,
Assam,27.3006,91.7439,06/09/2024,0,3939,
West Bengal,22.2667,88.8326,28/09/2024,47.5,4186,
Karnataka,16.1374,74.8802,14/08/2024,51,3659,
Kerala,8.7897,77.3043,08/11/2024,0,3337,
Odisha,20.3146,85.4229,30/10/2024,9,3549,
Uttar Pradesh,28.1504,80.7763,04/06/2024,28.9,3901,
Assam,26.4807,90.8444,27/06/2024,94.9,5170,
Bihar,26.2983,85.3622,25/07/2024,68.1,4492,
West Bengal,21.4544,88.1072,15/07/2024,90,4639,
Assam,25.8971,91.2322,21/09/2024,30.8,4838,
Gujarat,22.8055,70.4143,05/10/2024,12.5,3452,
Assam,25.3912,91.5116,27/08/2024,159.1,5918,
Assam,25.297,92.7236,17/09/2024,70.6,4908,
Tamil Nadu,9.864,77.7795,04/06/2024,39.1,3545,
Assam,26.1866,92.9314,17/07/2024,47.7,4306,
Maharashtra,18.3746,75.9442,05/07/2024,100.7,3900,
Uttar Pradesh,26.1106,80.5353,05/09/2024,67,4141,
Tamil Nadu,12.3732,78.8053,21/06/2024,50.4,3567,
Maharashtra,18.9667,74.2402,06/08/2024,92.2,4083,
West Bengal,21.797,87.8652,19/10/2024,6.6,3738,
Gujarat,21.703,72.0951,25/10/2024,21.5,3625,
Assam,25.997,91.0386,24/10/2024,29.2,4264,
Kerala,9.7786,77.6563,20/06/2024,106.3,4680,
Assam,26.9384,90.9294,27/09/2024,0,3840,
Assam,25.0859,92.4456,01/09/2024,64.5,4641,
Tamil Nadu,12.053,78.5918,02/09/2024,143.8,3951,
Assam,26.1763,93.1604,09/09/2024,93.1,5443,
Karnataka,16.5252,76.1758,07/08/2024,37.5,3445,
Assam,27.3055,90.91,23/07/2024,23.2,4089,
Odisha,21.6835,84.7376,23/11/2024,2.7,4074,
West Bengal,23.9997,89.3812,28/09/2024,110.8,4445,
Odisha,19.9668,85.8829,30/06/2024,42.7,3896,
West Bengal,22.2452,89.4089,04/08/2024,57.2,3830,
Assam,27.2341,90.6115,18/10/2024,7,4514,
West Bengal,23.5729,87.1518,28/09/2024,75.1,4705,
Kerala,9.4192,76.0974,02/06/2024,67.4,3853,
West Bengal,22.7095,87.3996,22/07/2024,78,4712,
West Bengal,22.588,89.4606,17/10/2024,16.2,3654,
Gujarat,22.478,69.8206,28/08/2024,67.3,3560,
Karnataka,14.1567,74.2617,24/10/2024,0,3149,
Tamil Nadu,10.4635,77.8325,20/07/2024,100.7,4846,
Odisha,20.0341,83.7486,15/08/2024,56.1,3903,
Uttar Pradesh,25.4043,81.2868,17/07/2024,122.5,4296,
Uttar Pradesh,27.2732,79.9154,20/08/2024,32.8,4082,
Gujarat,22.7728,70.3802,11/06/2024,39.7,3840,
Bihar,26.9602,86.3153,22/10/2024,14.3,3799,
West Bengal,23.8754,88.4198,24/09/2024,56.1,4579,
West Bengal,23.6162,88.5225,05/07/2024,0,3565,
Kerala,9.4081,76.9285,17/06/2024,61.1,4110,
Gujarat,22.3759,71.1598,20/08/2024,76,3754,
Karnataka,15.7985,76.4284,27/06/2024,20.6,3516,
Kerala,10.034,75.1783,20/07/2024,0,3564,
Uttar Pradesh,26.0413,81.3021,31/08/2024,34.5,4017,
Odisha,21.0316,85.9835,19/09/2024,44,4509,
Bihar,25.0425,86.1063,05/07/2024,27.6,3919,
Assam,27.4026,91.8864,11/11/2024,20.1,4427,
Odisha,20.5595,83.9166,10/06/2024,109,4511,
Tamil Nadu,10.3376,79.8452,30/07/2024,50.2,4003,
Kerala,10.6135,76.8694,27/06/2024,6.3,3866,
Karnataka,16.5873,76.1423,04/11/2024,0,3265,
Bihar,24.4761,85.4342,09/08/2024,74.4,4624,
Odisha,20.5982,85.044,31/07/2024,56.1,3881,
Odisha,20.5846,84.9385,06/08/2024,29.1,4045,
West Bengal,21.2978,88.5155,15/06/2024,80,4427,
Kerala,10.8207,76.3786,14/06/2024,65.9,4175,
Kerala,9.3049,76.6808,29/10/2024,21.1,3962,
Karnataka,15.163,74.9012,08/11/2024,23.2,3775,
Karnataka,14.0877,76.3707,30/07/2024,0,3215,
Karnataka,15.185,75.6539,24/08/2024,1.8,3070,
Karnataka,16.6698,76.2834,02/07/2024,78.8,3821,
Odisha,20.637,85.4475,19/07/2024,90.2,4616,
Uttar Pradesh,25.3994,81.4258,20/08/2024,81.8,4117,
Karnataka,14.0156,74.8094,12/09/2024,17.6,3546,
Kerala,10.1686,77.9403,11/10/2024,20.1,4214,
Kerala,10.5391,77.5814,06/11/2024,40.6,4435,
Uttar Pradesh,25.7354,79.6024,24/09/2024,61.2,4350,
Bihar,25.4266,83.8475,06/08/2024,81.7,5126,
Gujarat,23.1673,70.0882,20/08/2024,115.3,3876,
Tamil Nadu,10.4197,77.2294,12/09/2024,79.6,4039,
Odisha,20.4765,84.5366,06/07/2024,0,3671,
Tamil Nadu,11.967,79.9822,27/06/2024,0,3562,
Assam,26.5669,91.2475,21/10/2024,13.9,4258,
Assam,27.1111,91.205,17/08/2024,94.3,5706,
Karnataka,15.0031,76.7468,12/08/2024,68.3,3695,
Maharashtra,19.5441,77.0725,23/10/2024,5.9,3551,
Kerala,10.0676,77.2908,06/11/2024,22.2,4082,
Gujarat,23.1513,70.6606,25/07/2024,89.9,4546,
Odisha,20.5293,83.4047,20/11/2024,14.5,3842,
Bihar,26.9544,85.5629,06/07/2024,50.5,4347,
Bihar,26.0548,85.816,07/06/2024,55.5,4227,
Bihar,26.1426,86.2349,18/11/2024,38,4421,
Tamil Nadu,12.041,78.6028,17/06/2024,38.5,3459,
Bihar,26.9795,85.1523,22/06/2024,24.3,4076,
Assam,26.0861,91.5418,17/09/2024,43.6,4257,
West Bengal,21.2173,88.821,04/09/2024,150.7,4565,
Kerala,9.1993,77.1046,08/08/2024,117.1,4989,
West Bengal,23.9638,89.6288,09/11/2024,14,3740,
West Bengal,21.559,86.9708,29/06/2024,61.9,4270,
West Bengal,21.6823,88.1198,19/11/2024,28.2,4076,
Kerala,9.0083,75.3805,25/08/2024,112.1,5517,
Maharashtra,18.2877,74.6566,11/10/2024,23.5,3433,
Odisha,22.0088,83.1933,12/11/2024,0.9,3971,
Uttar Pradesh,26.3087,81.9916,15/07/2024,40.5,4354,
Assam,24.7714,92.5056,29/09/2024,28.2,4147,
Bihar,26.2757,86.1264,22/08/2024,45.5,4372,
Karnataka,14.053,76.8477,07/11/2024,40,4189,
Assam,26.4424,91.6561,01/07/2024,49.7,4898,
Tamil Nadu,10.9069,77.5105,09/08/2024,37.7,3445,
West Bengal,23.394,88.6266,25/11/2024,0,3575,
Gujarat,21.3304,70.9697,10/06/2024,118.5,3991,
Bihar,24.5248,84.8068,04/06/2024,86.6,5070,
Uttar Pradesh,27.2689,82.3337,02/11/2024,14,4028,
Bihar,24.4176,84.3428,04/09/2024,56.2,4774,
Kerala,10.6053,77.1942,05/08/2024,37.7,3662,
Maharashtra,20.9028,75.6681,09/07/2024,115.5,4032,
Tamil Nadu,11.9692,77.781,15/07/2024,18.1,3221,
Bihar,24.7366,83.847,09/07/2024,0,4002,
Gujarat,22.1333,71.6211,01/08/2024,47.3,3815,
Maharashtra,18.4679,74.5809,16/08/2024,0,3788,
Odisha,19.8981,84.8387,23/07/2024,49.9,4294,
Bihar,26.5705,86.516,03/06/2024,28.8,3992,
Tamil Nadu,11.4801,78.5773,28/07/2024,52.4,3734,
Karnataka,15.4969,76.3038,28/09/2024,70.7,4558,
Maharashtra,18.8086,75.8407,31/08/2024,63.4,4405,
Karnataka,13.8702,76.6423,21/11/2024,25.5,3415,
Uttar Pradesh,28.2716,81.6066,16/09/2024,42.9,4067,
Gujarat,23.4376,71.7821,24/08/2024,60.5,3822,
Bihar,25.3748,86.1652,18/06/2024,42.6,4043,
Karnataka,15.5835,74.2723,31/08/2024,36.7,4012,
Bihar,25.4344,85.6156,20/08/2024,15.5,4103,
Assam,27.2948,92.6044,05/10/2024,4.6,3914,
Bihar,24.6762,85.8324,08/07/2024,75.1,4605,
Odisha,19.9995,83.6226,18/07/2024,76.4,4165,
Kerala,11.468,77.7865,20/09/2024,41.4,3634,
Uttar Pradesh,27.2409,82.3098,12/10/2024,33.5,3874,
Uttar Pradesh,28.1987,82.028,20/11/2024,11.2,3881,
Kerala,9.9865,77.7449,03/06/2024,83.3,4209,
Karnataka,16.7213,75.9825,14/08/2024,105.5,3772,
Odisha,22.1754,85.6277,24/06/2024,48.3,4437,
Gujarat,21.6082,71.1038,01/09/2024,46.1,3758,
Gujarat,23.6584,72.1398,14/09/2024,46.2,4367,
Odisha,22.2859,83.4444,19/08/2024,83.3,4074,
Uttar Pradesh,26.8544,80.3608,30/08/2024,74.6,4136,
Maharashtra,19.0254,76.4828,22/09/2024,74.7,4659,
Kerala,8.8686,75.5933,24/06/2024,85.4,4629,
Maharashtra,19.8764,75.1617,28/08/2024,76.9,4743,
Bihar,24.9426,84.7532,23/09/2024,122.7,4689,
Odisha,19.6561,85.1401,03/10/2024,42.7,4174,
Assam,25.3583,90.2617,16/11/2024,0,4023,
Assam,26.578,90.337,05/07/2024,93.2,5070,
Karnataka,16.1279,74.8526,26/08/2024,69.4,4190,
Odisha,21.8234,83.7055,27/08/2024,82.7,4573,
Uttar Pradesh,25.6268,80.8407,22/09/2024,82.7,4366,
Uttar Pradesh,27.2431,79.878,11/08/2024,33.7,4172,
Tamil Nadu,10.6405,78.4178,04/09/2024,62.6,4057,
Karnataka,16.4419,75.9848,21/11/2024,11.6,3705,
Uttar Pradesh,25.6268,79.5666,30/09/2024,28.8,3944,
Karnataka,15.5678,74.9056,21/08/2024,106.9,4988,
Bihar,26.608,84.676,15/07/2024,167.8,5881,
Kerala,10.105,75.1944,13/07/2024,44.2,3813,
Kerala,8.9175,75.0231,26/07/2024,0,3494,
Bihar,26.4967,85.8197,19/10/2024,12.9,3757,
Uttar Pradesh,27.6494,81.3406,02/08/2024,3.6,3726,
Assam,26.5374,91.8123,21/08/2024,0,4108,
Tamil Nadu,10.5537,77.5521,17/10/2024,22.7,3183,
Assam,25.2624,91.8134,22/09/2024,106.2,4499,
Assam,26.7594,90.5735,21/09/2024,103.3,5364,
Assam,26.1299,91.8757,13/10/2024,7.9,4313,
Tamil Nadu,12.5412,78.1352,17/07/2024,40.8,3795,
Assam,26.4506,92.4532,28/06/2024,46.6,4793,
Odisha,21.3374,83.7821,19/09/2024,84.3,5109,
West Bengal,22.9731,87.0118,15/11/2024,18.5,3733,
Tamil Nadu,10.2501,78.7986,28/09/2024,29.8,3479,
Assam,27.3107,90.8173,22/09/2024,88.6,4633,
Tamil Nadu,12.3692,78.6025,25/09/2024,0,3062,
Odisha,19.5721,84.0848,23/09/2024,50.2,3881,
Karnataka,14.1962,76.7598,14/07/2024,44.3,4055,
Uttar Pradesh,25.9348,80.037,18/08/2024,0,3663,
Assam,27.5016,91.3411,23/08/2024,5.2,3938,
Uttar Pradesh,27.7415,81.1795,11/06/2024,49.6,4719,
Odisha,20.9531,83.1753,10/10/2024,12.4,3897,
Maharashtra,18.8929,75.3929,01/10/2024,21.8,3720,
Uttar Pradesh,25.5535,79.8762,19/08/2024,60,3936,
Odisha,20.8051,85.4633,03/11/2024,0,3714,
Bihar,26.0373,84.3639,20/06/2024,78.2,4556,
Gujarat,21.5724,72.3211,01/06/2024,77,4213,
Tamil Nadu,12.2036,78.6096,06/07/2024,61.5,3714,
Maharashtra,19.6251,76.5658,22/10/2024,0,3286,
Maharashtra,18.5449,74.3568,29/06/2024,100.7,5015,
Assam,26.5636,90.5108,21/09/2024,117.1,5009,
Uttar Pradesh,26.4614,80.8158,24/08/2024,24.6,4064,
Kerala,10.3025,76.3753,03/09/2024,71.8,4549,
Gujarat,22.6959,70.2036,03/11/2024,46.5,4447,
Assam,25.9162,92.6871,29/08/2024,79.9,4951,
Maharashtra,20.4707,77.1847,11/07/2024,89.7,4399,
West Bengal,21.3838,89.8653,27/11/2024,32.4,4429,
Gujarat,22.5724,71.4889,01/06/2024,84,4107,
Bihar,24.6793,85.9482,12/09/2024,87.8,4239,
Bihar,26.9438,86.3286,27/11/2024,2.1,3719,
Maharashtra,18.503,75.1542,11/10/2024,24.9,3488,
Tamil Nadu,11.3776,77.2791,18/10/2024,2.3,3083,
Odisha,21.7421,86.0352,16/06/2024,3.7,3850,
Odisha,19.9228,84.9921,17/09/2024,63.9,4118,
Maharashtra,18.9024,77.1567,24/06/2024,47,3844,
Bihar,25.9075,85.5917,02/11/2024,24.1,4035,
Uttar Pradesh,28.2644,81.1537,12/11/2024,18.2,3991,
West Bengal,23.7193,88.7081,24/08/2024,20.1,4000,
Odisha,20.6888,83.9347,16/07/2024,71.2,4601,
West Bengal,21.648,89.2953,03/11/2024,2.3,3927,
West Bengal,23.7512,89.7731,23/07/2024,101,4802,
Odisha,21.1058,84.6271,27/07/2024,22.1,4406,
Odisha,21.8151,83.993,28/07/2024,61,4132,
West Bengal,23.997,87.9306,21/07/2024,68.9,3987,
West Bengal,23.9498,86.9919,28/07/2024,67.8,3882,
Uttar Pradesh,27.6967,81.4203,17/08/2024,48.8,4224,
Tamil Nadu,11.7764,78.123,05/08/2024,46.4,3498,
Assam,26.1965,93.0113,21/06/2024,61.1,4660,
Bihar,27.1065,84.0397,29/09/2024,80.7,4341,
Maharashtra,18.6438,76.8381,20/07/2024,30.9,3549,
Kerala,8.807,77.0996,07/09/2024,17.6,3793,
Tamil Nadu,10.7779,78.5599,13/10/2024,5.2,3283,
Kerala,10.0641,77.0984,10/08/2024,35.9,3929,
Odisha,21.762,83.8602,25/10/2024,35.2,4665,
Tamil Nadu,10.4515,78.039,12/06/2024,51.7,4160,
Tamil Nadu,12.1897,80.0766,11/08/2024,62.3,4059,
Gujarat,23.0778,70.7164,07/11/2024,1.9,3378,
West Bengal,22.1368,89.1612,10/09/2024,98.5,5006,
Uttar Pradesh,26.2668,82.1889,26/11/2024,0,3699,
Bihar,25.0216,85.3354,26/08/2024,85.4,4855,
Bihar,25.4662,86.1361,23/08/2024,89.9,5543,
Uttar Pradesh,27.3377,80.5603,30/07/2024,25.5,4081,
West Bengal,21.5263,88.673,16/10/2024,0,3400,
Uttar Pradesh,26.0341,81.3391,03/10/2024,0.5,3515,
Assam,26.3077,92.6583,27/11/2024,16.9,3938,
Uttar Pradesh,26.9304,82.2726,04/11/2024,27.1,3766,
Uttar Pradesh,25.6358,79.9092,28/11/2024,7.7,3857,
Karnataka,16.6411,75.3481,08/07/2024,146.3,5106,
Gujarat,21.7649,71.3274,17/08/2024,20.7,3867,
Odisha,20.335,83.9641,14/11/2024,33.1,4523,
,20.0986,76.0363,25/11/2024,0.6,3312,
Bihar,24.5381,85.8394,11/11/2024,8.7,4253,
Gujarat,23.7502,71.7217,17/11/2024,12.6,3231,
West Bengal,22.0881,87.9284,10/09/2024,36.5,3803,
Odisha,22.3013,83.9953,20/08/2024,90.5,4586,
Karnataka,14.6589,76.2233,26/08/2024,16.6,3450,
West Bengal,23.9086,87.0231,14/10/2024,0,3623,
Kerala,8.5675,77.2893,30/09/2024,71,4615,
Maharashtra,19.5917,75.1058,10/07/2024,146.1,4207,
Assam,26.4632,91.5759,23/09/2024,77.1,4716,
Karnataka,15.3949,77.1204,22/10/2024,10.9,3547,
Kerala,8.8484,75.194,04/10/2024,0,3604,
Odisha,20.9107,83.7966,08/11/2024,2.7,3535,
Tamil Nadu,12.0469,78.3133,21/11/2024,20.3,3709,
Tamil Nadu,10.0288,79.9153,26/10/2024,13.9,3430,
Bihar,25.8076,86.746,27/11/2024,0,3851,
West Bengal,21.5993,88.9658,10/10/2024,32.8,4164,
West Bengal,24.0945,87.6236,14/07/2024,0,3539,
Maharashtra,21.0094,75.3008,25/09/2024,79.9,4517,
West Bengal,22.203,87.8962,29/09/2024,17.4,3589,
Maharashtra,20.9676,74.5251,28/09/2024,11.4,3393,
Odisha,20.1824,83.8311,28/06/2024,95.9,4223,
Uttar Pradesh,27.844,80.0461,28/11/2024,4.4,4011,
Bihar,24.4069,86.7571,16/09/2024,0,3885,
Kerala,10.0608,77.9776,28/06/2024,51.9,4151,
Bihar,24.7039,84.2067,04/09/2024,23.8,3814,
Odisha,20.1011,83.9465,28/10/2024,3.2,3558,
Assam,25.5121,92.7385,01/06/2024,141.7,5083,
Kerala,11.2653,77.1716,15/10/2024,25.7,3869,
Uttar Pradesh,28.0296,82.0412,28/11/2024,0,3987,
Odisha,21.6777,84.1291,20/06/2024,44.5,3948,
Tamil Nadu,10.2989,79.5882,15/08/2024,60.5,3858,
Tamil Nadu,11.4148,78.4478,05/09/2024,44.7,3369,
West Bengal,23.4643,89.652,12/06/2024,99.6,4686,
Bihar,24.6801,86.1262,02/11/2024,31,4484,
Karnataka,14.2612,75.3734,21/06/2024,7.5,3406,
Gujarat,21.9616,69.8228,13/09/2024,93.3,4755,
Bihar,27.2923,86.0078,26/09/2024,53.9,4077,
Kerala,10.0132,75.3394,24/07/2024,39.5,3886,
Kerala,8.8363,75.4722,02/07/2024,83.1,4940,
Karnataka,14.8657,75.1414,01/10/2024,0,3717,
Karnataka,15.7955,76.5644,09/08/2024,71.7,3522,
Bihar,25.0838,85.0005,30/08/2024,97.4,4352,
Gujarat,23.2551,69.7139,09/06/2024,114,4229,
Karnataka,15.9043,76.7783,10/10/2024,41.3,4032,
Gujarat,21.4001,69.8074,08/10/2024,17.6,3231,
Karnataka,14.4652,76.2594,09/09/2024,95.4,3945,
Maharashtra,19.9884,76.4566,13/10/2024,32,3656,
West Bengal,22.316,87.3409,23/07/2024,54.9,4333,
Kerala,9.5851,77.093,13/11/2024,22.9,3678,
Odisha,21.2132,85.0024,23/07/2024,53.4,4130,
Assam,25.5712,91.7699,04/11/2024,36.6,4795,
Karnataka,16.5858,74.8651,31/07/2024,64.3,3382,
Tamil Nadu,11.3266,77.907,28/08/2024,94.8,4060,
Gujarat,21.5203,70.0922,20/10/2024,4.4,3331,
Uttar Pradesh,26.4051,79.9937,04/10/2024,0.2,3520,
Gujarat,22.9342,70.7507,21/07/2024,26.4,3596,
Uttar Pradesh,25.939,82.098,16/10/2024,0,3525,
Gujarat,21.1445,72.3729,15/10/2024,0,3390,
Tamil Nadu,10.0852,78.1975,02/10/2024,12.2,3181,
Tamil Nadu,11.9206,79.1355,13/08/2024,139.4,3796,
Tamil Nadu,11.0105,79.9214,03/09/2024,67.6,4343,
Gujarat,22.9765,71.7102,29/08/2024,35.2,3915,
Tamil Nadu,10.7347,78.3723,03/09/2024,85.4,3695,
Assam,26.1489,91.1899,19/10/2024,15.3,4450,
Maharashtra,19.337,76.0755,24/11/2024,0,3347,
Tamil Nadu,11.6548,80.1195,22/09/2024,13.8,3324,
Karnataka,15.908,75.5409,09/08/2024,93.1,4538,
Odisha,21.0571,84.4397,16/07/2024,125,4940,
Maharashtra,20.549,76.5416,21/11/2024,13.1,3828,
Kerala,10.6386,76.4579,31/08/2024,41.3,3687,
Tamil Nadu,9.7082,79.0967,03/06/2024,12.9,3106,
Uttar Pradesh,27.64,80.8341,29/09/2024,88.6,5397,
Odisha,21.5504,83.872,02/11/2024,39.6,4179,
Bihar,25.837,84.2112,01/06/2024,38.2,3992,
West Bengal,22.6504,87.5377,15/10/2024,20.1,3886,
Assam,27.3788,90.8245,28/07/2024,43.2,4553,
Maharashtra,19.3846,74.9711,03/08/2024,113,3953,
Maharashtra,18.2356,76.0382,20/10/2024,9.8,3752,
Kerala,8.957,76.7164,27/09/2024,3.2,3498,
Uttar Pradesh,27.0925,79.7994,02/06/2024,103.3,5223,
Tamil Nadu,12.1588,79.6329,10/06/2024,0,3448,
Karnataka,15.0556,74.8983,15/06/2024,0,3370,
Maharashtra,18.7464,76.1592,29/06/2024,54.4,3898,
Tamil Nadu,9.7153,79.9069,26/09/2024,74,3850,
Bihar,26.9384,86.0937,07/09/2024,117.7,4977,
Uttar Pradesh,26.1181,80.1818,05/11/2024,0,3691,
West Bengal,23.9536,87.6253,20/07/2024,0,3780,
Bihar,26.1306,86.2469,12/11/2024,0,3835,
Kerala,8.8771,76.81,02/06/2024,140.9,5597,
Uttar Pradesh,27.4558,81.2766,09/07/2024,11.3,3716,
Bihar,24.9583,84.9697,25/08/2024,21.9,4012,
Uttar Pradesh,26.1156,80.1981,11/10/2024,13.5,3986,
Uttar Pradesh,27.8762,81.6737,14/09/2024,81.7,4485,
Odisha,20.0231,83.3544,28/06/2024,90.1,3987,
Uttar Pradesh,26.1847,81.9702,27/10/2024,0,3647,
West Bengal,22.9814,87.0694,04/09/2024,63.1,4371,
Kerala,10.5818,76.6913,18/11/2024,0,3695,
Karnataka,14.7305,74.8857,04/07/2024,97.9,3988,
West Bengal,23.6738,87.9331,14/06/2024,57.9,4852,
Bihar,26.1401,85.4876,19/10/2024,32.3,4443,
Uttar Pradesh,27.5758,81.6401,19/10/2024,0,4163,
Assam,25.3942,91.7638,24/11/2024,16,4119,
West Bengal,23.6889,89.834,12/09/2024,42.1,4088,
Kerala,10.2842,75.1363,06/06/2024,26,3523,
Kerala,9.2021,75.7746,25/09/2024,0,3315,
Karnataka,13.8879,75.7113,09/09/2024,76.7,4290,
Maharashtra,19.8748,76.8417,09/11/2024,22.3,3925,
Odisha,21.9666,85.5158,28/07/2024,111.6,4940,
Gujarat,20.9658,71.6938,15/08/2024,129.2,4095,
Bihar,26.9949,84.6262,27/09/2024,51.6,4319,
Uttar Pradesh,26.714,82.0657,08/09/2024,75.6,4852,
Maharashtra,20.9272,75.0236,11/07/2024,47.8,3516,
Odisha,19.9774,83.8707,05/08/2024,85.4,4278,
Bihar,25.9435,84.3258,17/11/2024,6.3,3658,
Uttar Pradesh,26.1734,80.144,02/09/2024,26.1,3863,
Kerala,10.7535,75.789,20/08/2024,54.3,4205,
Karnataka,16.7215,74.9731,13/08/2024,52.6,3594,
Maharashtra,,,,,,
